subject.id,institution,equipment,acclimation,diet,subject.mass,vo2,vco2,ee,rer,room.temp,total_mass,lean_mass,fat_mass,phase
D1,UC Davis,Columbus,FALSE,LF,21.87,101.828745,100.70892,0.51269115,0.98946701,22,22.23,17.81754,2.85246,1
D1,UC Davis,Columbus,TRUE,LF,21.87,95.6049075,86.2417125,0.472162274,0.898198723,22,22.23,17.81754,2.85246,1
D10,UC Davis,Columbus,FALSE,LF,19.01,90.05070946,84.77543446,0.448651477,0.938801428,22,19.225,15.303152,2.536848,1
D10,UC Davis,Columbus,TRUE,LF,19.01,86.22453549,76.65012019,0.424585927,0.883195439,22,19.225,15.303152,2.536848,1
D11,UC Davis,Columbus,FALSE,LF,21.18,97.98927,95.14131643,0.491402009,0.970725759,22,21.69,17.420256,2.739744,1
D11,UC Davis,Columbus,TRUE,LF,21.18,96.70202341,86.91910977,0.47723521,0.895944209,22,21.69,17.420256,2.739744,1
D12,UC Davis,Columbus,FALSE,LF,20.3,100.1728875,98.322325,0.503525841,0.979628905,22,20.63,16.202277,2.767723,1
D12,UC Davis,Columbus,TRUE,LF,20.3,91.20528561,85.68399318,0.454206527,0.936768666,22,20.63,16.202277,2.767723,1
D13,UC Davis,Columbus,FALSE,LF,19.77,87.54191304,79.52694321,0.432959478,0.909222386,22,20.39,16.03063,3.06937,1
D13,UC Davis,Columbus,TRUE,LF,19.77,87.61996602,78.91397693,0.432589145,0.89486457,22,20.39,16.03063,3.06937,1
D14,UC Davis,Columbus,FALSE,LF,21.09,103.7989543,101.0052825,0.520783521,0.971591928,22,21.13,16.24935,2.98065,1
D14,UC Davis,Columbus,TRUE,LF,21.09,97.58606625,85.29411125,0.478921974,0.869550823,22,21.13,16.24935,2.98065,1
D15,UC Davis,Columbus,FALSE,LF,20.08,106.2927629,99.99553143,0.529494836,0.942045157,22,20.085,15.430464,2.629536,1
D15,UC Davis,Columbus,TRUE,LF,20.08,98.41443788,85.60689667,0.482532527,0.863834381,22,20.085,15.430464,2.629536,1
D16,UC Davis,Columbus,FALSE,LF,20.85,103.4059473,96.83894196,0.514626708,0.934620227,22,21.05,16.420883,2.769117,1
D16,UC Davis,Columbus,TRUE,LF,20.85,98.47312841,88.89705511,0.486402742,0.896302746,22,21.05,16.420883,2.769117,1
D17,UC Davis,Columbus,FALSE,LF,19.33,98.4621875,95.74356107,0.493931859,0.973275011,22,19.88,16.0012,2.3488,1
D17,UC Davis,Columbus,TRUE,LF,19.33,92.07127947,81.71091201,0.453225181,0.87930052,22,19.88,16.0012,2.3488,1
D2,UC Davis,Columbus,FALSE,LF,20.67,92.79413722,94.11012722,0.469787496,1.016790403,22,22.055,18.03108,3.58892,1
D2,UC Davis,Columbus,TRUE,LF,20.67,93.80093847,88.38214486,0.467420151,0.941411706,22,22.055,18.03108,3.58892,1
D3,UC Davis,Columbus,FALSE,LF,22.95,107.632525,104.870025,0.540166029,0.97672802,22,23.38,18.50625,2.64375,1
D3,UC Davis,Columbus,TRUE,LF,22.95,100.2881,93.10400625,0.498208433,0.924399109,22,23.38,18.50625,2.64375,1
D4,UC Davis,Columbus,FALSE,LF,20.81,96.714475,94.15137667,0.485283169,0.975497044,22,21.25,16.852148,2.627852,1
D4,UC Davis,Columbus,TRUE,LF,20.81,96.54520106,87.72050861,0.47750352,0.905776033,22,21.25,16.852148,2.627852,1
D5,UC Davis,Columbus,FALSE,LF,21.76,113.1209719,109.9895467,0.567458189,0.973386669,22,22.06,17.445273,2.544727,1
D5,UC Davis,Columbus,TRUE,LF,21.76,107.9407822,96.97988741,0.532654378,0.895362575,22,22.06,17.445273,2.544727,1
D7,UC Davis,Columbus,FALSE,LF,20.99,103.3699194,102.9753852,0.521271629,0.997191563,22,21.675,17.224,2.776,1
D7,UC Davis,Columbus,TRUE,LF,20.99,102.7356038,92.76222972,0.507476041,0.900550296,22,21.675,17.224,2.776,1
D8,UC Davis,Columbus,FALSE,LF,20.62,104.2730057,104.4399109,0.526450457,1.00241039,22,20.885,16.595416,2.314584,1
D8,UC Davis,Columbus,TRUE,LF,20.62,104.6629196,93.59055241,0.515987717,0.888596165,22,20.885,16.595416,2.314584,1
D9,UC Davis,Columbus,FALSE,LF,21.6,112.8009057,109.8205132,0.566009857,0.975237259,22,22.4,18.034984,2.975016,1
D9,UC Davis,Columbus,TRUE,LF,21.6,108.3721,96.5542,0.533883391,0.889258831,22,22.4,18.034984,2.975016,1
M1,UMass,TSE,FALSE,LF,15.8,86.29411765,80.70588235,0.429345824,0.928913055,21.2,17.45,15.81,0.805,1
M1,UMass,TSE,TRUE,LF,15.8,85.64197531,78.40740741,0.424233617,0.904960845,21.2,17.45,15.81,0.805,1
M10,UMass,TSE,FALSE,LF,17.3,95.23529412,95.17647059,0.480587471,0.990720427,21.2,19,17,1.02,1
M10,UMass,TSE,TRUE,LF,17.3,90.7037037,83.59259259,0.449916704,0.914198333,21.2,19,17,1.02,1
M11,UMass,TSE,FALSE,LF,18.8,100.7647059,95.11764706,0.502313824,0.928255879,21.2,20.6,18.755,1.17,1
M11,UMass,TSE,TRUE,LF,18.8,94.18518519,87.24691358,0.467678901,0.912569097,21.2,20.6,18.755,1.17,1
M12,UMass,TSE,FALSE,LF,17.7,90.11764706,86.64705882,0.450985294,0.95071545,21.2,19.45,17.745,0.995,1
M12,UMass,TSE,TRUE,LF,17.7,88.92592593,82.97530864,0.442227765,0.924319766,21.2,19.45,17.745,0.995,1
M13,UMass,TSE,FALSE,LF,15.3,90.76470588,85.70588235,0.452494412,0.934869114,21.2,16.7,15.385,0.755,1
M13,UMass,TSE,TRUE,LF,15.3,88.7654321,82.77777778,0.44137679,0.920974575,21.2,16.7,15.385,0.755,1
M2,UMass,TSE,FALSE,LF,17.9,98.41176471,93.41176471,0.491154176,0.94311277,21.2,20.2,18.16,1.255,1
M2,UMass,TSE,TRUE,LF,17.9,91.02469136,83.86419753,0.451482111,0.912529193,21.2,20.2,18.16,1.255,1
M3,UMass,TSE,FALSE,LF,17.3,97.47058824,95.76470588,0.490047353,0.976678003,21.2,19.25,17.315,1.24,1
M3,UMass,TSE,TRUE,LF,17.3,96.40740741,91.11111111,0.480710481,0.934481708,21.2,19.25,17.315,1.24,1
M4,UMass,TSE,FALSE,LF,16.8,95.35294118,91.05882353,0.476497,0.946411554,21.2,18.9,16.805,1.27,1
M4,UMass,TSE,TRUE,LF,16.8,88.81481481,81.48148148,0.440137704,0.907914813,21.2,18.9,16.805,1.27,1
M5,UMass,TSE,FALSE,LF,18.3,94.64705882,88.17647059,0.470527235,0.923669139,21.2,20.15,18.14,1.025,1
M5,UMass,TSE,TRUE,LF,18.3,98.50617284,92.9382716,0.491002556,0.936038927,21.2,20.15,18.14,1.025,1
M6,UMass,TSE,FALSE,LF,18.2,97.70588235,90.76470588,0.485444647,0.92349595,21.2,20.05,18.2,1.07,1
M6,UMass,TSE,TRUE,LF,18.2,98.32098765,92.32098765,0.489590025,0.927186626,21.2,20.05,18.2,1.07,1
M7,UMass,TSE,FALSE,LF,18.5,98.23529412,92.17647059,0.489092471,0.930402541,21.2,19.9,18.355,0.96,1
M7,UMass,TSE,TRUE,LF,18.5,93.38271605,86.35802469,0.463533259,0.915115354,21.2,19.9,18.355,0.96,1
M8,UMass,TSE,FALSE,LF,16,93.88235294,89.11764706,0.468554471,0.938768223,21.2,18.4,16.93,0.87,1
M8,UMass,TSE,TRUE,LF,16,95.38271605,88.19753086,0.473449753,0.917908124,21.2,18.4,16.93,0.87,1
V1,Vanderbilt,Sable,FALSE,LF,19.01261653,74.05129278,71.15305561,0.370531424,0.944313191,24.4,20.175,14.51665,1.38258,1
V1,Vanderbilt,Sable,TRUE,LF,20.28833435,68.41394146,65.98210741,0.342595554,0.951881089,24.4,20.175,14.51665,1.38258,1
V10,Vanderbilt,Sable,FALSE,LF,18.5716513,77.34839733,68.51211087,0.380604428,0.874534893,24.4,19.16,13.6533,1.61944,1
V10,Vanderbilt,Sable,TRUE,LF,19.1066052,69.36533047,62.73876239,0.342757839,0.889446898,24.4,19.16,13.6533,1.61944,1
V11,Vanderbilt,Sable,FALSE,LF,18.6977829,77.29754133,70.36972421,0.382458525,0.89637906,24.4,19.68,13.59575,1.186955,1
V11,Vanderbilt,Sable,TRUE,LF,19.71210008,70.63751718,65.80183678,0.351159287,0.918394038,24.4,19.68,13.59575,1.186955,1
V12,Vanderbilt,Sable,FALSE,LF,18.5166799,78.78987305,74.92973742,0.393383179,0.943045088,24.4,19.14,13.5901,1.47194,1
V12,Vanderbilt,Sable,TRUE,LF,19.16444695,72.16799672,65.23970613,0.35656919,0.891813732,24.4,19.14,13.5901,1.47194,1
V13,Vanderbilt,Sable,FALSE,LF,18.24796306,76.09052975,69.39287335,0.376621296,0.900256329,24.4,18.86,13.4804,1.393305,1
V13,Vanderbilt,Sable,TRUE,LF,19.03725943,69.58343155,63.15091675,0.344073218,0.895706381,24.4,18.86,13.4804,1.393305,1
V14,Vanderbilt,Sable,FALSE,LF,18.75861508,81.59816546,77.14435837,0.40690003,0.936382344,24.4,19.015,13.43955,1.24546,1
V14,Vanderbilt,Sable,TRUE,LF,19.24618457,76.15910475,68.379776,0.375771064,0.88675058,24.4,19.015,13.43955,1.24546,1
V15,Vanderbilt,Sable,FALSE,LF,18.0977172,79.81157571,73.90771001,0.396279347,0.912282776,24.4,18.805,13.18985,1.619665,1
V15,Vanderbilt,Sable,TRUE,LF,19.05355088,71.29367689,65.0515244,0.352915367,0.900447333,24.4,18.805,13.18985,1.619665,1
V16,Vanderbilt,Sable,FALSE,LF,16.21690321,69.40052419,65.83927691,0.346325706,0.94299789,24.4,16.7,11.25405,2.094025,1
V16,Vanderbilt,Sable,TRUE,LF,16.94324318,63.94150929,59.75291293,0.31808021,0.926317732,24.4,16.7,11.25405,2.094025,1
V2,Vanderbilt,Sable,FALSE,LF,19.42485472,84.76237088,78.87699687,0.421286462,0.920286344,24.4,20.285,14.6791,1.349935,1
V2,Vanderbilt,Sable,TRUE,LF,20.02742024,73.8259222,67.22028212,0.365293591,0.894931865,24.4,20.285,14.6791,1.349935,1
V3,Vanderbilt,Sable,FALSE,LF,19.85185917,86.67508007,83.27247448,0.433685847,0.950976318,24.4,20.25,14.63275,1.6523,1
V3,Vanderbilt,Sable,TRUE,LF,20.40962099,76.31975899,69.3967057,0.377528927,0.896692966,24.4,20.25,14.63275,1.6523,1
V4,Vanderbilt,Sable,FALSE,LF,17.21433731,77.6007213,71.11599581,0.384478734,0.907484737,24.4,18.095,13.02585,1.335265,1
V4,Vanderbilt,Sable,TRUE,LF,18.25716558,72.87227658,66.99996687,0.361291605,0.908042941,24.4,18.095,13.02585,1.335265,1
V5,Vanderbilt,Sable,FALSE,LF,18.4757685,77.63638775,70.69337089,0.384151872,0.902943398,24.4,19.37,13.80405,1.485965,1
V5,Vanderbilt,Sable,TRUE,LF,19.27842138,71.16271207,65.51730912,0.352914392,0.911487181,24.4,19.37,13.80405,1.485965,1
V6,Vanderbilt,Sable,FALSE,LF,16.83859637,76.13603984,73.43548256,0.381271777,0.957328672,24.4,17.225,12.76905,0.876712,1
V6,Vanderbilt,Sable,TRUE,LF,17.63186095,70.70504146,65.68583046,0.351297097,0.917391765,24.4,17.225,12.76905,0.876712,1
V7,Vanderbilt,Sable,FALSE,LF,19.40922181,77.38045237,73.14107391,0.385850391,0.936993467,24.4,20.015,14.1576,1.52009,1
V7,Vanderbilt,Sable,TRUE,LF,20.13205183,71.83501792,66.14069865,0.356253418,0.908840517,24.4,20.015,14.1576,1.52009,1
V8,Vanderbilt,Sable,FALSE,LF,17.94197756,81.02558397,75.60908739,0.402945477,0.924272179,24.4,18.77,13.3126,1.66873,1
V8,Vanderbilt,Sable,TRUE,LF,18.46962253,70.24803221,63.73056327,0.347333498,0.897851105,24.4,18.77,13.3126,1.66873,1
V9,Vanderbilt,Sable,FALSE,LF,18.67754679,79.78680445,75.3465471,0.397773077,0.934671867,24.4,19.48,14.3678,1.043034,1
V9,Vanderbilt,Sable,TRUE,LF,19.20839209,71.1615259,64.79339706,0.352109071,0.897731661,24.4,19.48,14.3678,1.043034,1
Y1,Yale,Columbus,FALSE,LF,18.4,81.93085091,83.96923636,0.415759459,1.023572082,21.5,20.05,14.90785,1.604605,1
Y1,Yale,Columbus,TRUE,LF,18.4,83.4133781,80.74161752,0.418032352,0.968112463,21.5,20.05,14.90785,1.604605,1
Y10,Yale,Columbus,FALSE,LF,19.3,78.81698909,80.41152,0.399552895,1.021401466,21.5,20.8,15.36125,1.91354,1
Y10,Yale,Columbus,TRUE,LF,19.3,78.5808337,76.59151978,0.394397286,0.97393028,21.5,20.8,15.36125,1.91354,1
Y11,Yale,Columbus,FALSE,LF,18.2,80.34108727,79.93076,0.405027646,0.995950085,21.5,19.5,14.6509,1.473765,1
Y11,Yale,Columbus,TRUE,LF,18.2,86.4732,78.8214,0.42796735,0.90974507,21.5,19.5,14.6509,1.473765,1
Y12,Yale,Columbus,FALSE,LF,17.7,82.59174,82.10161091,0.416298429,0.994521707,21.5,19.1,14.6819,1.096827,1
Y12,Yale,Columbus,TRUE,LF,17.7,84.04738022,76.82785495,0.416202333,0.910466001,21.5,19.1,14.6819,1.096827,1
Y13,Yale,Columbus,FALSE,LF,17.3,86.20212545,83.03308,0.431557163,0.960756272,21.5,18.35,13.9532,1.17415,1
Y13,Yale,Columbus,TRUE,LF,17.3,87.20910989,78.87462894,0.430926442,0.899963566,21.5,18.35,13.9532,1.17415,1
Y14,Yale,Columbus,FALSE,LF,19,93.61018519,94.48875926,0.473422308,1.008747015,21.5,20.55,15.2508,1.825665,1
Y14,Yale,Columbus,TRUE,LF,19,94.23882117,89.63714599,0.470533878,0.949804818,21.5,20.55,15.2508,1.825665,1
Y15,Yale,Columbus,FALSE,LF,19.1,90.53753704,88.19601852,0.45435323,0.971200968,21.5,20,14.911,1.475415,1
Y15,Yale,Columbus,TRUE,LF,19.1,89.77599489,82.34400365,0.444879664,0.914758447,21.5,20,14.911,1.475415,1
Y16,Yale,Columbus,FALSE,LF,17.9,78.46266111,75.8655037,0.393128595,0.966086282,21.5,19.5,14.49355,1.669435,1
Y16,Yale,Columbus,TRUE,LF,17.9,80.34963759,75.0349708,0.399646599,0.933845132,21.5,19.5,14.49355,1.669435,1
Y2,Yale,Columbus,FALSE,LF,18.2,79.21698909,80.94466545,0.401718954,1.023282421,21.5,19.65,14.73265,1.5480065,1
Y2,Yale,Columbus,TRUE,LF,18.2,79.52981533,78.36162774,0.400094962,0.983905055,21.5,19.65,14.73265,1.5480065,1
Y3,Yale,Columbus,FALSE,LF,17.2,71.04850909,72.70690182,0.360416008,1.023868509,21.5,18.85,14.1859,1.53337,1
Y3,Yale,Columbus,TRUE,LF,17.2,72.04345547,69.80406569,0.361126555,0.966836876,21.5,18.85,14.1859,1.53337,1
Y4,Yale,Columbus,FALSE,LF,17.3,72.88930364,73.51430545,0.368563567,1.009318944,21.5,18.8,14.23335,1.458135,1
Y4,Yale,Columbus,TRUE,LF,17.3,74.72236204,71.94621715,0.374053345,0.961102547,21.5,18.8,14.23335,1.458135,1
Y5,Yale,Columbus,FALSE,LF,17.7,73.64326364,74.59262727,0.372727548,1.014834604,21.5,19.05,14.1533,1.701465,1
Y5,Yale,Columbus,TRUE,LF,17.7,72.76121168,71.54172044,0.365877078,0.9831006,21.5,19.05,14.1533,1.701465,1
Y6,Yale,Columbus,FALSE,LF,17.8,75.13024,77.21445818,0.381487467,1.029591045,21.5,19.2,14.3286,1.680655,1
Y6,Yale,Columbus,TRUE,LF,17.8,76.30468791,72.92464396,0.381371431,0.953574753,21.5,19.2,14.3286,1.680655,1
Y7,Yale,Columbus,FALSE,LF,19.5,81.1161,81.82519091,0.410177211,1.008897236,21.5,19.6,14.7355,1.062317,1
Y7,Yale,Columbus,TRUE,LF,19.5,80.16635714,72.0905,0.395667707,0.891677718,21.5,19.6,14.7355,1.062317,1
Y8,Yale,Columbus,FALSE,LF,18.3,76.67400545,77.64024545,0.388042367,1.014342107,21.5,19.6,14.35105,1.640567,1
Y8,Yale,Columbus,TRUE,LF,18.3,73.83285824,71.55977033,0.3701204,0.965343502,21.5,19.6,14.35105,1.640567,1
Y9,Yale,Columbus,FALSE,LF,19,78.46550909,81.79016364,0.399692492,1.04281791,21.5,20.85,15.37325,1.865015,1
Y9,Yale,Columbus,TRUE,LF,19,81.91241026,78.67322344,0.409829394,0.959196189,21.5,20.85,15.37325,1.865015,1
D1,UC Davis,Columbus,FALSE,HF,29.88,101.1609533,81.98352667,0.489349098,0.812485081,22,29.815,21.287826,6.572174,2
D1,UC Davis,Columbus,TRUE,HF,29.88,112.3618304,86.17616662,0.538128814,0.766086769,22,29.815,21.287826,6.572174,2
D10,UC Davis,Columbus,FALSE,LF,22.39,95.4751063,94.74494352,0.481055301,0.995612961,22,22.925,18.325736,3.254264,2
D10,UC Davis,Columbus,TRUE,LF,22.39,95.09184511,88.42240282,0.472552139,0.926782655,22,22.925,18.325736,3.254264,2
D11,UC Davis,Columbus,FALSE,LF,24.32,107.5930311,104.9781807,0.540130004,0.979000469,22,24.71,19.620356,3.549644,2
D11,UC Davis,Columbus,TRUE,LF,24.32,100.83392,91.57714286,0.498670799,0.904037727,22,24.71,19.620356,3.549644,2
D12,UC Davis,Columbus,FALSE,LF,23.12,100.8618563,101.7027393,0.509979805,1.009031161,22,24.07,19.493285,3.616715,2
D12,UC Davis,Columbus,TRUE,LF,23.12,99.38975098,94.54950075,0.496266756,0.952440209,22,24.07,19.493285,3.616715,2
D13,UC Davis,Columbus,FALSE,LF,22.04,93.50837333,93.03900296,0.471417637,0.99563559,22,22.885,18.271062,3.348938,2
D13,UC Davis,Columbus,TRUE,LF,22.04,95.92147714,87.59392,0.474905417,0.910283899,22,22.885,18.271062,3.348938,2
D14,UC Davis,Columbus,FALSE,HF,28.93,116.3371733,91.50719722,0.55969176,0.785460742,22,28.72,19.575116,7.104884,2
D14,UC Davis,Columbus,TRUE,HF,28.93,115.0302479,87.50900838,0.55011917,0.759588188,22,28.72,19.575116,7.104884,2
D15,UC Davis,Columbus,FALSE,HF,23.41,109.7252711,87.57160778,0.529281492,0.7979583,22,23.695,18.033737,4.096263,2
D15,UC Davis,Columbus,TRUE,HF,23.41,113.6715674,87.53395034,0.544792196,0.768787214,22,23.695,18.033737,4.096263,2
D16,UC Davis,Columbus,FALSE,HF,26.49,115.1555287,90.88569057,0.554347512,0.788173963,22,26.485,20.059812,4.460188,2
D16,UC Davis,Columbus,TRUE,HF,26.49,122.5261713,94.56285112,0.587462155,0.77027422,22,26.485,20.059812,4.460188,2
D17,UC Davis,Columbus,FALSE,HF,25.33,113.1056189,89.10185943,0.5442959,0.787535239,22,25.12,18.53049,4.76951,2
D17,UC Davis,Columbus,TRUE,HF,25.33,111.068445,85.09513888,0.531835965,0.765451049,22,25.12,18.53049,4.76951,2
D2,UC Davis,Columbus,FALSE,HF,27.21,109.3539667,86.86238222,0.527033777,0.796134733,22,27.64,20.09027,5.89973,2
D2,UC Davis,Columbus,TRUE,HF,27.21,110.641077,84.67588331,0.529688011,0.765386574,22,27.64,20.09027,5.89973,2
D3,UC Davis,Columbus,FALSE,LF,25.71,106.0842211,106.315135,0.535662455,1.003181798,22,26.05,20.80052,2.72948,2
D3,UC Davis,Columbus,TRUE,LF,25.71,104.1548829,93.86112079,0.514284793,0.893526137,22,26.05,20.80052,2.72948,2
D4,UC Davis,Columbus,FALSE,HF,26.42,109.2271296,87.30391148,0.527022244,0.801227322,22,27.365,20.613044,5.406956,2
D4,UC Davis,Columbus,TRUE,HF,26.42,115.2112633,89.22123391,0.552726273,0.774434647,22,27.365,20.613044,5.406956,2
D5,UC Davis,Columbus,FALSE,LF,25.29,116.6927433,120.460485,0.593115398,1.033294898,22,25.96,20.651968,3.508032,2
D5,UC Davis,Columbus,TRUE,LF,25.29,114.262692,102.8233404,0.564031883,0.895760454,22,25.96,20.651968,3.508032,2
D7,UC Davis,Columbus,FALSE,LF,23.69,116.0046656,115.3909191,0.584796743,0.995000441,22,24.41,19.42819,3.24181,2
D7,UC Davis,Columbus,TRUE,LF,23.69,111.8279325,102.8215467,0.554434513,0.915129634,22,24.41,19.42819,3.24181,2
D8,UC Davis,Columbus,FALSE,LF,23.41,110.8389802,110.5108067,0.559041373,0.997215792,22,23.88,19.322429,2.587571,2
D8,UC Davis,Columbus,TRUE,LF,23.41,109.0755507,100.4554783,0.540970504,0.917540756,22,23.88,19.322429,2.587571,2
D9,UC Davis,Columbus,FALSE,HF,29.2,120.8301509,94.03116226,0.58019009,0.778787573,22,29.54,20.756855,6.893145,2
D9,UC Davis,Columbus,TRUE,HF,29.2,129.0095371,98.8387191,0.617742209,0.764624463,22,29.54,20.756855,6.893145,2
M1,UMass,TSE,FALSE,LF,19.1,98.94117647,94.88235294,0.494867059,0.962031194,20.97,21.3,19.025,1.175,2
M1,UMass,TSE,TRUE,LF,19.1,90.24050633,82.4556962,0.446833835,0.908373318,20.97,21.3,19.025,1.175,2
M10,UMass,TSE,FALSE,HF,20.2,109.8823529,85.05882353,0.527121412,0.775275006,20.97,24.1,19.99,3.09,2
M10,UMass,TSE,TRUE,HF,20.2,97.69620253,75.69620253,0.468740734,0.772771924,20.97,24.1,19.99,3.09,2
M11,UMass,TSE,FALSE,HF,21.2,112.7058824,87.94117647,0.541436824,0.779723782,20.97,27,21.21,5.765,2
M11,UMass,TSE,TRUE,HF,21.2,104.7848101,82.12658228,0.503788937,0.781778563,20.97,27,21.21,5.765,2
M12,UMass,TSE,FALSE,HF,20.8,108.4117647,85.52941176,0.521846294,0.788288744,20.97,25.4,20.44,4.035,2
M12,UMass,TSE,TRUE,HF,20.8,101.1518987,80.30379747,0.487455633,0.793255459,20.97,25.4,20.44,4.035,2
M13,UMass,TSE,FALSE,HF,18.2,110.4117647,85.35294118,0.529533118,0.772266579,20.97,21.7,18.135,2.71,2
M13,UMass,TSE,TRUE,HF,18.2,98.37974684,77.10126582,0.472988582,0.783344383,20.97,21.7,18.135,2.71,2
M2,UMass,TSE,FALSE,LF,21.9,111.6470588,98.58823529,0.549039647,0.882006952,20.97,25.15,21.965,1.895,2
M2,UMass,TSE,TRUE,LF,21.9,101.1898734,94.51898734,0.503327291,0.931115619,20.97,25.15,21.965,1.895,2
M3,UMass,TSE,FALSE,LF,19.7,102.9411765,96.88235294,0.512843059,0.944162295,20.97,22.75,19.775,1.905,2
M3,UMass,TSE,TRUE,LF,19.7,94.40506329,86.18987342,0.467376354,0.905815212,20.97,22.75,19.775,1.905,2
M4,UMass,TSE,FALSE,LF,20.6,107.1176471,95.11764706,0.527350765,0.885670524,20.97,23.4,20.585,1.545,2
M4,UMass,TSE,TRUE,LF,20.6,97.40506329,90.44303797,0.483903354,0.924361829,20.97,23.4,20.585,1.545,2
M5,UMass,TSE,FALSE,LF,22,110.2941176,99.70588235,0.544943824,0.900971682,20.97,24.05,21.42,1.635,2
M5,UMass,TSE,TRUE,LF,22,103.2531646,96.07594937,0.513180722,0.921486554,20.97,24.05,21.42,1.635,2
M6,UMass,TSE,FALSE,LF,21.6,109.2941176,101.7647059,0.543279882,0.932346571,20.97,24.3,21.555,1.615,2
M6,UMass,TSE,TRUE,LF,21.6,101.0886076,92.02531646,0.500170203,0.904916484,20.97,24.3,21.555,1.615,2
M7,UMass,TSE,FALSE,HF,21.7,105.5882353,84,0.509027235,0.796345862,20.97,26.5,21.52,4.015,2
M7,UMass,TSE,TRUE,HF,21.7,105.4683544,82.84810127,0.507280785,0.784287649,20.97,26.5,21.52,4.015,2
M8,UMass,TSE,FALSE,HF,20.5,114.5294118,89.17647059,0.549989588,0.777649165,20.97,23.3,20.24,1.965,2
M8,UMass,TSE,TRUE,HF,20.5,103.1772152,80.84810127,0.496039405,0.782135329,20.97,23.3,20.24,1.965,2
V1,Vanderbilt,Sable,FALSE,LF,22.86043575,83.13525152,77.37047761,0.413207774,0.922709955,23.3,23.835,16.7712,1.82042,2
V1,Vanderbilt,Sable,TRUE,LF,23.9344774,81.98681407,77.38032001,0.408692668,0.938061632,23.3,23.835,16.7712,1.82042,2
V10,Vanderbilt,Sable,FALSE,HF,14,95.76513233,73.12423048,0.458285785,0.760467978,23.3,23.69,14.8687,3.443015,2
V10,Vanderbilt,Sable,TRUE,HF,14,82.95780095,64.03610258,0.397760623,0.770170917,23.3,23.69,14.8687,3.443015,2
V11,Vanderbilt,Sable,FALSE,HF,59.71736192,87.75059938,68.58324535,0.421678182,0.782135849,23.3,24.755,15.4613,3.027675,2
V11,Vanderbilt,Sable,TRUE,HF,47.05086905,88.09825017,67.2826927,0.421609862,0.761927853,23.3,24.755,15.4613,3.027675,2
V12,Vanderbilt,Sable,FALSE,HF,23.53015041,96.16975679,76.8222544,0.463970425,0.799077413,23.3,23.545,15.34535,2.950545,2
V12,Vanderbilt,Sable,TRUE,HF,23.83925755,87.95011535,68.13536036,0.421969113,0.775128706,23.3,23.545,15.34535,2.950545,2
V13,Vanderbilt,Sable,FALSE,HF,22.64342435,91.02077888,70.91576664,0.437145727,0.777888807,23.3,22.825,15.5153,2.393415,2
V13,Vanderbilt,Sable,TRUE,HF,22.57175781,85.32683363,64.01952262,0.407078643,0.75058456,23.3,22.825,15.5153,2.393415,2
V14,Vanderbilt,Sable,FALSE,HF,0,94.89870124,74.56203193,0.456461389,0.786059464,23.3,22.395,15.8363,1.733395,2
V14,Vanderbilt,Sable,TRUE,HF,0,89.89214993,68.96699437,0.430542459,0.767866265,23.3,22.395,15.8363,1.733395,2
V15,Vanderbilt,Sable,FALSE,HF,23.38918466,93.44104505,74.53310664,0.450684774,0.798403081,23.3,23.04,14.71825,2.75002,2
V15,Vanderbilt,Sable,TRUE,HF,23.36059003,88.46813389,66.57883452,0.422289107,0.752923267,23.3,23.04,14.71825,2.75002,2
V16,Vanderbilt,Sable,FALSE,HF,39,84.95275156,67.01408409,0.408916371,0.789002759,23.3,20.51,13.6596,2.54072,2
V16,Vanderbilt,Sable,TRUE,HF,39,77.67174251,59.06609522,0.371431439,0.759100297,23.3,20.51,13.6596,2.54072,2
V2,Vanderbilt,Sable,FALSE,LF,22.41111896,88.30808944,83.50128146,0.440374598,0.936450719,23.3,22.835,15.5927,1.60665,2
V2,Vanderbilt,Sable,TRUE,LF,23.09028534,85.85808296,79.18536673,0.425945721,0.913557131,23.3,22.835,15.5927,1.60665,2
V3,Vanderbilt,Sable,FALSE,LF,23.21507285,90.20554868,88.77170795,0.453681576,0.982428844,23.3,23.285,16.18255,1.42417,2
V3,Vanderbilt,Sable,TRUE,LF,24.07396627,92.24226517,85.3082605,0.457877703,0.922039875,23.3,23.285,16.18255,1.42417,2
V4,Vanderbilt,Sable,FALSE,LF,20.22059829,89.38417744,83.76895415,0.444911507,0.935842062,23.3,20.38,13.7671,1.117439,2
V4,Vanderbilt,Sable,TRUE,LF,20.70488937,86.9966428,79.3823007,0.430650594,0.904195469,23.3,20.38,13.7671,1.117439,2
V5,Vanderbilt,Sable,FALSE,LF,21.25228959,81.41489726,76.96048035,0.405974401,0.941959354,23.3,21.82,14.73955,1.746875,2
V5,Vanderbilt,Sable,TRUE,LF,21.93176162,80.71382028,73.47774543,0.399359552,0.908402555,23.3,21.82,14.73955,1.746875,2
V6,Vanderbilt,Sable,FALSE,LF,21.24050062,89.71501803,84.54192989,0.447070261,0.934602477,23.3,21.805,15.05025,0.7973185,2
V6,Vanderbilt,Sable,TRUE,LF,21.97094654,86.93544609,79.29168102,0.430309192,0.906210319,23.3,21.805,15.05025,0.7973185,2
V7,Vanderbilt,Sable,FALSE,LF,21.82845715,84.7219195,73.02536913,0.414655143,0.853337791,23.3,22.495,15.1589,2.04724,2
V7,Vanderbilt,Sable,TRUE,LF,22.70643139,82.68383149,75.06121523,0.408874684,0.905713354,23.3,22.495,15.1589,2.04724,2
V8,Vanderbilt,Sable,FALSE,LF,21.66333078,91.12355664,89.19939417,0.457772467,0.9741396,23.3,21.74,14.7922,1.582895,2
V8,Vanderbilt,Sable,TRUE,LF,22.03805869,86.20620773,78.38657961,0.426434222,0.906699496,23.3,21.74,14.7922,1.582895,2
V9,Vanderbilt,Sable,FALSE,HF,22.81419617,93.57364732,72.2055447,0.448633077,0.769831232,23.3,22.705,15.77965,2.624415,2
V9,Vanderbilt,Sable,TRUE,HF,22.62315138,84.48493261,64.27265454,0.404040675,0.760479657,23.3,22.705,15.77965,2.624415,2
Y1,Yale,Columbus,FALSE,HF,27.2,90.76783158,72.47702456,0.437875613,0.797690564,21.5,28.05,17.74055,6.05359,2
Y1,Yale,Columbus,TRUE,HF,27.2,92.31283499,75.22298776,0.447001507,0.814982866,21.5,28.05,17.74055,6.05359,2
Y10,Yale,Columbus,FALSE,LF,23,83.63849123,82.69912281,0.421084524,0.991384789,21.5,24.7,17.34595,3.1552,2
Y10,Yale,Columbus,TRUE,LF,23,87.77364912,85.35999415,0.440324105,0.97214287,21.5,24.7,17.34595,3.1552,2
Y11,Yale,Columbus,FALSE,HF,25.7,84.03809825,65.15085263,0.403250988,0.77596834,21.5,25.35,17.5494,3.717365,2
Y11,Yale,Columbus,TRUE,HF,25.7,84.77453099,67.19099678,0.408409669,0.792176393,21.5,25.35,17.5494,3.717365,2
Y12,Yale,Columbus,FALSE,LF,21,80.39352632,81.40152632,0.406860975,1.015172357,21.5,22.25,16.1087,1.87629,2
Y12,Yale,Columbus,TRUE,LF,21,80.07840351,76.3595,0.400042595,0.950722442,21.5,22.25,16.1087,1.87629,2
Y13,Yale,Columbus,FALSE,HF,23.9,93.88674737,72.47276667,0.450162551,0.772934636,21.5,23.75,16.6652,2.881475,2
Y13,Yale,Columbus,TRUE,HF,23.9,89.4144424,69.19301579,0.428909793,0.772250649,21.5,23.75,16.6652,2.881475,2
Y14,Yale,Columbus,FALSE,LF,22.4,99.556,99.8564,0.502791374,1.002650762,21.5,24.1,17.5198,2.441535,2
Y14,Yale,Columbus,TRUE,LF,22.4,97.28091429,93.10785306,0.486361369,0.956010417,21.5,24.1,17.5198,2.441535,2
Y15,Yale,Columbus,FALSE,HF,25.5,109.9523571,83.41414286,0.525578282,0.760153544,21.5,25.2,17.4518,3.24274,2
Y15,Yale,Columbus,TRUE,HF,25.5,105.1245306,81.86221137,0.504835381,0.778102292,21.5,25.2,17.4518,3.24274,2
Y16,Yale,Columbus,FALSE,LF,22.3,95.77372143,93.51584643,0.480872762,0.978382988,21.5,23.75,16.79885,2.652475,2
Y16,Yale,Columbus,TRUE,LF,22.3,97.57387755,93.56592391,0.488022563,0.956277431,21.5,23.75,16.79885,2.652475,2
Y2,Yale,Columbus,FALSE,LF,22.5,80.71618421,83.01907895,0.409921583,1.029839148,21.5,23.3,16.5941,2.48809,2
Y2,Yale,Columbus,TRUE,LF,22.5,81.06238338,79.65472303,0.407564977,0.98075775,21.5,23.3,16.5941,2.48809,2
Y3,Yale,Columbus,FALSE,HF,24,84.39621053,67.79621053,0.407588075,0.803910936,21.5,24.25,16.8864,2.93913,2
Y3,Yale,Columbus,TRUE,HF,24,84.33823907,68.42532945,0.408055415,0.811420055,21.5,24.25,16.8864,2.93913,2
Y4,Yale,Columbus,FALSE,LF,23.8,83.04738596,82.65030175,0.418700982,0.997639855,21.5,22.85,16.5826,2.069235,2
Y4,Yale,Columbus,TRUE,LF,23.8,82.04359592,77.36609796,0.408900716,0.940350227,21.5,22.85,16.5826,2.069235,2
Y5,Yale,Columbus,FALSE,HF,24.3,87.47147368,66.02651053,0.417750398,0.755228033,21.5,25.45,16.7779,4.401405,2
Y5,Yale,Columbus,TRUE,HF,24.3,82.79422819,63.26603514,0.396264288,0.754330473,21.5,25.45,16.7779,4.401405,2
Y6,Yale,Columbus,FALSE,LF,21.1,97.28099474,94.91150175,0.488356521,0.974465531,21.5,21.5,15.6878,1.78282,2
Y6,Yale,Columbus,TRUE,LF,21.1,88.29453861,80.8447722,0.437383095,0.901976443,21.5,21.5,15.6878,1.78282,2
Y7,Yale,Columbus,FALSE,HF,24.9,108.6286526,83.32719474,0.520265397,0.766611716,21.5,25.95,17.5414,3.747165,2
Y7,Yale,Columbus,TRUE,HF,24.9,99.87159266,76.54846448,0.478256548,0.743549623,21.5,25.95,17.5414,3.747165,2
Y8,Yale,Columbus,FALSE,LF,20.8,90.60407018,89.1666807,0.455688989,0.98438882,21.5,21.65,15.36175,2.371945,2
Y8,Yale,Columbus,TRUE,LF,20.8,90.54978842,81.22480309,0.446691348,0.852773199,21.5,21.65,15.36175,2.371945,2
Y9,Yale,Columbus,FALSE,HF,26.8,87.17945965,69.53189474,0.420476526,0.798338668,21.5,27.6,18.17435,4.758695,2
Y9,Yale,Columbus,TRUE,HF,26.8,85.91664678,69.12848421,0.415053609,0.803813404,21.5,27.6,18.17435,4.758695,2
D1,UC Davis,Columbus,FALSE,HF,45.57,126.4153994,98.40503944,0.607039063,0.779179352,22,44.025,24.33708,15.86292,3
D1,UC Davis,Columbus,TRUE,HF,45.57,129.565275,98.58555553,0.619652373,0.759757437,22,44.025,24.33708,15.86292,3
D10,UC Davis,Columbus,FALSE,LF,24.92,96.67910737,95.54109404,0.486680812,0.991771699,22,25.59,21.0888,3.1512,3
D10,UC Davis,Columbus,TRUE,LF,24.92,100.0749299,95.46709871,0.49998191,0.95309927,22,25.59,21.0888,3.1512,3
D11,UC Davis,Columbus,FALSE,LF,30.28,115.5899158,111.9680028,0.579376469,0.978975213,22,30.75,22.560762,6.659238,3
D11,UC Davis,Columbus,TRUE,LF,30.28,118.3097167,109.2535789,0.587093052,0.919615064,22,30.75,22.560762,6.659238,3
D12,UC Davis,Columbus,FALSE,LF,28.71,108.4683947,105.0342758,0.543641853,0.973726463,22,29.02,22.118844,5.351156,3
D12,UC Davis,Columbus,TRUE,LF,28.71,107.7487392,99.88405494,0.535109546,0.928657451,22,29.02,22.118844,5.351156,3
D13,UC Davis,Columbus,FALSE,LF,27.35,112.7746061,107.9274184,0.563812448,0.958162329,22,27.765,21.174384,5.005616,3
D13,UC Davis,Columbus,TRUE,LF,27.35,104.736669,95.6210076,0.518524047,0.908912869,22,27.765,21.174384,5.005616,3
D14,UC Davis,Columbus,FALSE,HF,45.14,147.2499043,111.6803904,0.703830385,0.75821508,22,44.18,24.64885,16.50115,3
D14,UC Davis,Columbus,TRUE,HF,45.14,138.6420385,104.6500796,0.662131262,0.753857494,22,44.18,24.64885,16.50115,3
D15,UC Davis,Columbus,FALSE,HF,37.52,139.72984,108.35977,0.670521205,0.776005038,22,36.57,21.3614,12.2786,3
D15,UC Davis,Columbus,TRUE,HF,37.52,134.3588358,100.7254245,0.640910491,0.749298877,22,36.57,21.3614,12.2786,3
D16,UC Davis,Columbus,FALSE,HF,37.8,138.975075,107.66925,0.666782961,0.774773059,22,36.83,24.225744,9.914256,3
D16,UC Davis,Columbus,TRUE,HF,37.8,144.4644409,108.0232364,0.688808061,0.746574467,22,36.83,24.225744,9.914256,3
D17,UC Davis,Columbus,FALSE,HF,38.8,136.3258786,104.0726857,0.652364678,0.763799232,22,37.76,21.949984,12.930016,3
D17,UC Davis,Columbus,TRUE,HF,38.8,132.1498606,98.37387273,0.629604104,0.744199576,22,37.76,21.949984,12.930016,3
D2,UC Davis,Columbus,FALSE,HF,41.63,140.7579683,108.4430663,0.674665185,0.771721862,22,40.655,23.45427,14.40573,3
D2,UC Davis,Columbus,TRUE,HF,41.63,130.6025437,98.11956244,0.623224861,0.750691647,22,40.655,23.45427,14.40573,3
D3,UC Davis,Columbus,FALSE,LF,28.7,114.8823796,115.8661519,0.580899422,1.009910283,22,29.365,23.431716,4.288284,3
D3,UC Davis,Columbus,TRUE,LF,28.7,113.1580579,105.6708105,0.562827823,0.930195353,22,29.365,23.431716,4.288284,3
D4,UC Davis,Columbus,FALSE,HF,39.72,128.8546222,100.6232644,0.619105397,0.781148602,22,39.475,22.512114,14.477886,3
D4,UC Davis,Columbus,TRUE,HF,39.72,134.0196104,100.9452442,0.639816725,0.752119789,22,39.475,22.512114,14.477886,3
D5,UC Davis,Columbus,FALSE,LF,33.34,130.7576278,126.7648541,0.65551774,0.970812406,22,33.735,22.737075,8.732925,3
D5,UC Davis,Columbus,TRUE,LF,33.34,132.5361511,120.3842224,0.655469921,0.905802026,22,33.735,22.737075,8.732925,3
D7,UC Davis,Columbus,FALSE,LF,27.41,120.4613665,119.1253828,0.606490919,0.989669384,22,28.145,21.775608,4.504392,3
D7,UC Davis,Columbus,TRUE,LF,27.41,120.7886568,113.2001056,0.601227413,0.934635738,22,28.145,21.775608,4.504392,3
D8,UC Davis,Columbus,FALSE,LF,26.24,115.9134672,116.9640574,0.586177222,1.009750941,22,26.555,21.748797,3.241203,3
D8,UC Davis,Columbus,TRUE,LF,26.24,116.236124,107.6674373,0.577166751,0.922225442,22,26.555,21.748797,3.241203,3
D9,UC Davis,Columbus,FALSE,HF,45.23,149.4860034,116.6302487,0.718117394,0.780171869,22,44.66,24.487076,17.702924,3
D9,UC Davis,Columbus,TRUE,HF,45.23,151.8903018,115.0935793,0.725893178,0.75659037,22,44.66,24.487076,17.702924,3
M1,UMass,TSE,FALSE,LF,21.5,98.05882353,91.23529412,0.487356059,0.931424589,21.1,24.75,21.71,1.805,3
M1,UMass,TSE,TRUE,HF,21.5,103.2666667,97.6,0.514919533,0.944146208,21.1,24.75,21.71,1.805,3
M1,UMass,TSE,TRUE,LF,21.5,96.12903226,88.98387097,0.477260677,0.920866225,21.1,24.75,21.71,1.805,3
M10,UMass,TSE,FALSE,HF,22.6,117.9411765,91.17647059,0.565647353,0.773111625,21.1,33.65,22.265,10.585,3
M10,UMass,TSE,TRUE,HF,22.6,109.3896104,84.11688312,0.524137727,0.768111868,21.1,33.65,22.265,10.585,3
M11,UMass,TSE,FALSE,HF,23.9,135.3529412,105.7058824,0.650336647,0.780873473,21.1,41.6,23.895,17.02,3
M11,UMass,TSE,TRUE,HF,23.9,124.8051948,98.09090909,0.600345818,0.784591251,21.1,41.6,23.895,17.02,3
M12,UMass,TSE,FALSE,HF,20.7,118.1176471,95.17647059,0.570766824,0.805709616,21.1,28.35,20.815,6.415,3
M12,UMass,TSE,TRUE,HF,20.7,114.0909091,90.58441558,0.549818636,0.793123791,21.1,28.35,20.815,6.415,3
M13,UMass,TSE,FALSE,HF,20.7,117.6470588,93.47058824,0.567025529,0.79541168,21.1,29.2,20.79,7.54,3
M13,UMass,TSE,TRUE,HF,20.7,115.8701299,90.55844156,0.556801818,0.781501183,21.1,29.2,20.79,7.54,3
M2,UMass,TSE,FALSE,LF,24.7,109.9411765,95,0.538348176,0.861900252,21.1,29.05,24.375,3.2,3
M2,UMass,TSE,TRUE,LF,24.7,105.4935065,97.45454545,0.523534636,0.919767361,21.1,29.05,24.375,3.2,3
M3,UMass,TSE,FALSE,LF,22.8,105.1764706,93.58823529,0.518009059,0.895738444,21.1,26.55,22.39,3,3
M3,UMass,TSE,TRUE,LF,22.8,101.2077922,93.31168831,0.502062636,0.91686351,21.1,26.55,22.39,3,3
M4,UMass,TSE,FALSE,LF,22.9,109.9411765,98.05882353,0.541731235,0.891153822,21.1,27.3,22.925,3.155,3
M4,UMass,TSE,TRUE,LF,22.9,104.974026,98.46753247,0.522607727,0.93669262,21.1,27.3,22.925,3.155,3
M5,UMass,TSE,FALSE,LF,23.3,107.8823529,94.70588235,0.529909059,0.874919919,21.1,27.05,23.2,2.78,3
M5,UMass,TSE,TRUE,LF,23.3,109.3246753,103,0.544766545,0.942590151,21.1,27.05,23.2,2.78,3
M6,UMass,TSE,FALSE,LF,23.6,106.8823529,95.29411765,0.526618647,0.889409321,21.1,26.85,23.57,2.01,3
M6,UMass,TSE,TRUE,LF,23.6,107.025974,100.5194805,0.532963909,0.935341059,21.1,26.85,23.57,2.01,3
M7,UMass,TSE,FALSE,HF,23.7,118.8823529,94.41176471,0.572934765,0.793674837,21.1,35.3,23.395,10.9,3
M7,UMass,TSE,TRUE,HF,23.7,113.1558442,89,0.544381182,0.785138583,21.1,35.3,23.395,10.9,3
M8,UMass,TSE,FALSE,HF,23.2,124.6470588,98.17647059,0.599817235,0.787172387,21.1,30.9,22.91,6.81,3
M8,UMass,TSE,TRUE,HF,23.2,118.7532468,92.49350649,0.570304364,0.777448801,21.1,30.9,22.91,6.81,3
V1,Vanderbilt,Sable,FALSE,LF,27.49093868,102.1597121,93.47604932,0.505995936,0.915038757,24.1,27.765,18.75865,3.438405,3
V1,Vanderbilt,Sable,TRUE,LF,28.1404673,94.12316651,88.2955211,0.468594246,0.930428223,24.1,27.765,18.75865,3.438405,3
V10,Vanderbilt,Sable,FALSE,HF,35.53017917,112.7284126,88.08837265,0.541688414,0.782212682,24.1,30.65,18.3412,10.85135,3
V10,Vanderbilt,Sable,TRUE,HF,35.02170428,95.9614672,77.49146752,0.463889705,0.807720797,24.1,30.65,18.3412,10.85135,3
V11,Vanderbilt,Sable,FALSE,HF,36.36550804,106.4464591,83.14234082,0.511460924,0.783933084,24.1,31.95,18.6417,11.4288,3
V11,Vanderbilt,Sable,TRUE,HF,35.76993282,97.11447238,78.50345748,0.46955296,0.810626506,24.1,31.95,18.6417,11.4288,3
V12,Vanderbilt,Sable,FALSE,HF,36.97241029,106.2398259,83.80571347,0.511380273,0.791057713,24.1,30.9,18.696,11.4203,3
V12,Vanderbilt,Sable,TRUE,HF,35.9383121,96.37117629,76.78929973,0.464727771,0.798349403,24.1,30.9,18.696,11.4203,3
V13,Vanderbilt,Sable,FALSE,HF,30.89132779,103.0055059,81.06478868,0.495602355,0.785845161,24.1,29.15,18.4233,6.51846,3
V13,Vanderbilt,Sable,TRUE,HF,30.18167361,89.79506338,70.7820524,0.432167295,0.786734095,24.1,29.15,18.4233,6.51846,3
V14,Vanderbilt,Sable,FALSE,HF,30.74847588,106.7476438,86.22524882,0.51605759,0.808066435,24.1,30.1,17.5776,7.03663,3
V14,Vanderbilt,Sable,TRUE,HF,30.81501035,96.60250526,77.90322127,0.466871436,0.80668948,24.1,30.1,17.5776,7.03663,3
V15,Vanderbilt,Sable,FALSE,HF,29.17394882,102.1961255,82.38715091,0.493875119,0.809419016,24.1,29.5,18.1074,5.66058,3
V15,Vanderbilt,Sable,TRUE,HF,29.29260545,91.49280284,73.0278174,0.441341902,0.798707941,24.1,29.5,18.1074,5.66058,3
V16,Vanderbilt,Sable,FALSE,HF,26.65400794,89.99179391,75.20350279,0.437832734,0.839521544,24.1,26.25,15.7924,5.288555,3
V16,Vanderbilt,Sable,TRUE,HF,26.48782456,86.32893357,68.74228183,0.416251291,0.796697052,24.1,26.25,15.7924,5.288555,3
V2,Vanderbilt,Sable,FALSE,LF,25.61129005,101.34497,96.8484135,0.506514872,0.955608164,24.1,27.02,17.3238,2.510465,3
V2,Vanderbilt,Sable,TRUE,LF,26.59000188,93.95376458,87.57496695,0.4671297,0.925691101,24.1,27.02,17.3238,2.510465,3
V3,Vanderbilt,Sable,FALSE,LF,27.32822025,103.6235271,98.64749609,0.517484451,0.953210673,24.1,26.65,18.2229,3.203605,3
V3,Vanderbilt,Sable,TRUE,LF,28.58811208,100.2996428,94.302154,0.499579075,0.935289241,24.1,26.65,18.2229,3.203605,3
V4,Vanderbilt,Sable,FALSE,LF,22.74674235,99.88519941,89.65042015,0.492800936,0.895687481,24.1,25.3,15.6914,1.723575,3
V4,Vanderbilt,Sable,TRUE,LF,23.61913854,91.96588088,84.14787765,0.455505089,0.907619266,24.1,25.3,15.6914,1.723575,3
V5,Vanderbilt,Sable,FALSE,LF,24.01461716,93.18018265,92.08063088,0.469064278,0.990077806,24.1,24.75,16.1786,2.07731,3
V5,Vanderbilt,Sable,TRUE,LF,24.51100056,89.41231959,83.02118056,0.444195377,0.92790643,24.1,24.75,16.1786,2.07731,3
V6,Vanderbilt,Sable,FALSE,LF,23.85763181,95.96262471,87.873474,0.475376766,0.915646877,24.1,26.25,17.40045,1.214505,3
V6,Vanderbilt,Sable,TRUE,LF,24.42881173,90.73504092,83.60637294,0.450055445,0.912475532,24.1,26.25,17.40045,1.214505,3
V7,Vanderbilt,Sable,FALSE,LF,26.38437995,99.31328676,92.47321674,0.493669041,0.936573239,24.1,27.65,17.4676,3.162405,3
V7,Vanderbilt,Sable,TRUE,LF,27.43930868,92.47401319,86.79051565,0.460430396,0.931885021,24.1,27.65,17.4676,3.162405,3
V8,Vanderbilt,Sable,FALSE,LF,24.80156809,101.5839615,99.06620765,0.509909618,0.97637281,24.1,26.9,17.18825,1.949955,3
V8,Vanderbilt,Sable,TRUE,LF,25.62728729,94.63044503,87.77518569,0.470017939,0.930994518,24.1,26.9,17.18825,1.949955,3
V9,Vanderbilt,Sable,FALSE,HF,32.90804775,101.4817221,80.78458391,0.489287216,0.796305766,24.1,30.7,17.19295,8.342995,3
V9,Vanderbilt,Sable,TRUE,HF,31.84416106,90.08567904,70.45855034,0.432954818,0.77991295,24.1,30.7,17.19295,8.342995,3
Y1,Yale,Columbus,FALSE,HF,45.8,124.1612556,98.84997037,0.598647575,0.794700773,21.5,45.9,23.1477,18.43715,3
Y1,Yale,Columbus,TRUE,HF,45.8,113.0460677,87.68209734,0.542490952,0.774688151,21.5,45.9,23.1477,18.43715,3
Y10,Yale,Columbus,FALSE,LF,27.8,89.39038519,92.83912963,0.454967585,1.039988666,21.5,26.7,18.7693,3.955265,3
Y10,Yale,Columbus,TRUE,LF,27.8,85.86066903,85.00698761,0.432394625,0.983820504,21.5,26.7,18.7693,3.955265,3
Y11,Yale,Columbus,FALSE,HF,36.8,107.9786963,85.16746667,0.51973926,0.789983068,21.5,36.7,20.66815,11.26655,3
Y11,Yale,Columbus,TRUE,HF,36.8,96.97766136,77.90527434,0.468352197,0.802984173,21.5,36.7,20.66815,11.26655,3
Y12,Yale,Columbus,FALSE,LF,24.7,99.41521296,100.6506704,0.503114996,1.013363775,21.5,24.55,17.5647,2.213335,3
Y12,Yale,Columbus,TRUE,LF,24.7,96.11396608,93.98408289,0.482731536,0.976327543,21.5,24.55,17.5647,2.213335,3
Y13,Yale,Columbus,FALSE,HF,38.9,116.8469556,90.50877407,0.560596556,0.773323338,21.5,38.25,21.08285,12.5612,3
Y13,Yale,Columbus,TRUE,HF,38.9,105.7999438,82.0216858,0.507673563,0.77312114,21.5,38.25,21.08285,12.5612,3
Y14,Yale,Columbus,FALSE,LF,25.7,105.0005019,105.2337415,0.530195496,1.001804158,21.5,25.6,18.14105,2.836215,3
Y14,Yale,Columbus,TRUE,LF,25.7,96.79067286,89.63659646,0.480590117,0.920138159,21.5,25.6,18.14105,2.836215,3
Y15,Yale,Columbus,FALSE,HF,40.5,144.7393585,110.4159906,0.692537897,0.762665484,21.5,40,22.28585,12.9989,3
Y15,Yale,Columbus,TRUE,HF,40.5,129.2743274,97.80224336,0.617639406,0.7548972,21.5,40,22.28585,12.9989,3
Y16,Yale,Columbus,FALSE,LF,27.4,118.9465019,111.1726566,0.591725122,0.939481894,21.5,27.45,18.66795,4.07973,3
Y16,Yale,Columbus,TRUE,LF,27.4,101.1432608,88.60076932,0.496598042,0.864834569,21.5,27.45,18.66795,4.07973,3
Y2,Yale,Columbus,FALSE,LF,24.4,82.16022222,83.94774815,0.416639645,1.023016969,21.5,26.35,18.32585,3.296495,3
Y2,Yale,Columbus,TRUE,LF,24.4,79.38581749,80.70545856,0.402119744,1.015491248,21.5,26.35,18.32585,3.296495,3
Y3,Yale,Columbus,FALSE,HF,37.1,105.2080426,82.99957037,0.506422421,0.789215905,21.5,37.1,20.9488,11.49795,3
Y3,Yale,Columbus,TRUE,HF,37.1,100.1821316,77.71462548,0.480770156,0.775387276,21.5,37.1,20.9488,11.49795,3
Y4,Yale,Columbus,FALSE,LF,25.9,92.16131296,94.59063704,0.467824979,1.027636092,21.5,27.7,19.1214,3.66865,3
Y4,Yale,Columbus,TRUE,LF,25.9,89.7345384,87.83714183,0.450791695,0.978235817,21.5,27.7,19.1214,3.66865,3
Y5,Yale,Columbus,FALSE,HF,38.4,103.6928,79.27608889,0.496332679,0.7641578,21.5,38.15,21.45685,12.40735,3
Y5,Yale,Columbus,TRUE,HF,38.4,95.38897099,73.0176,0.4566854,0.764651705,21.5,38.15,21.45685,12.40735,3
Y6,Yale,Columbus,FALSE,LF,24.6,98.08976667,96.186,0.492953486,0.980864289,21.5,25.5,18.5882,2.38801,3
Y6,Yale,Columbus,TRUE,LF,24.6,90.90019237,84.96314198,0.452206893,0.930391457,21.5,25.5,18.5882,2.38801,3
Y7,Yale,Columbus,FALSE,HF,41.6,1.946725926,0.009244444,0.007682271,0.002784712,21.5,40.9,22.63905,13.3643,3
Y7,Yale,Columbus,TRUE,HF,41.6,109.7031695,82.05615878,0.523094302,0.67456614,21.5,40.9,22.63905,13.3643,3
Y8,Yale,Columbus,FALSE,LF,24.5,2.517028302,-0.013867925,0.009904271,-0.002959585,21.5,25.55,18.237,2.579945,3
Y8,Yale,Columbus,TRUE,LF,24.5,92.6353384,89.84308365,0.464442319,0.870258738,21.5,25.55,18.237,2.579945,3
Y9,Yale,Columbus,FALSE,HF,42.5,125.7693056,99.15171296,0.605318628,0.787724989,21.5,41.4,22.4053,14.47145,3
Y9,Yale,Columbus,TRUE,HF,42.5,113.1039086,89.28284661,0.544489332,0.788044421,21.5,41.4,22.4053,14.47145,3