event,plant,photo,CO2
Event 1,46,20.92736529,400
Event 1,46,20.92736529,400
Event 1,46,20.92736529,400
Event 1,46,20.92736529,400
Event 1,46,20.92736529,400
Event 1,34,22.53642875,400
Event 1,34,22.53642875,400
Event 1,34,22.53642875,400
Event 1,34,22.53642875,400
Event 1,34,22.53642875,400
Event 1,17,22.53642875,400
Event 1,17,22.53642875,400
Event 1,17,29.09399762,400
Event 1,17,28.94960014,400
Event 1,17,28.97970739,400
Event 1,1,29.77088928,400
Event 1,1,29.77088928,400
Event 1,1,29.77088928,400
Event 1,1,29.77088928,400
Event 1,1,29.77088928,400
Event 1,37,26.90862304,400
Event 1,37,26.96309285,400
Event 1,37,26.93986507,400
Event 1,37,26.98696276,400
Event 1,37,27.01423297,400
Event 1,18,23.60784155,400
Event 1,18,23.66594475,400
Event 1,18,23.79990685,400
Event 1,18,23.93365585,400
Event 1,18,23.84319788,400
Event 1,42,23.00222837,400
Event 1,42,22.89613089,400
Event 1,42,22.80995472,400
Event 1,42,22.8445723,400
Event 1,42,22.93725462,400
Event 1,38,29.50861747,400
Event 1,38,29.45861591,400
Event 1,38,29.47827587,400
Event 1,38,29.42171275,400
Event 1,38,29.37698059,400
Event 1,171,16.26523293,400
Event 1,171,16.23077061,400
Event 1,171,16.18048724,400
Event 1,171,16.35840039,400
Event 1,171,16.37434553,400
Event 1,33,30.69379424,400
Event 1,33,30.70498358,400
Event 1,33,30.72790697,400
Event 1,33,30.73217,400
Event 1,33,30.73977541,400
Event 1,94,28.98623487,640
Event 1,94,28.94746,640
Event 1,94,28.8972813,640
Event 1,94,29.01933532,640
Event 1,94,29.06519021,640
Event 1,124,24.80622823,640
Event 1,124,24.84445338,640
Event 1,124,24.93947005,640
Event 1,124,24.96233374,640
Event 1,124,24.96641367,640
Event 1,56,23.58169811,640
Event 1,56,23.48548156,640
Event 1,56,23.36247245,640
Event 1,56,23.4956987,640
Event 1,56,23.68531418,640
Event 1,93,30.45070633,640
Event 1,93,30.49098809,640
Event 1,93,30.50687445,640
Event 1,93,30.56677034,640
Event 1,93,30.47774138,640
Event 1,51,27.28820019,640
Event 1,51,27.22704398,640
Event 1,51,27.30739253,640
Event 1,51,27.30751604,640
Event 1,51,27.28192316,640
Event 1,73,29.21253374,640
Event 1,73,29.32324335,640
Event 1,73,29.35037965,640
Event 1,73,29.49412885,640
Event 1,73,29.47087876,640
Event 1,83,32.8715193,640
Event 1,83,32.96666358,640
Event 1,83,32.93203292,640
Event 1,83,32.87120922,640
Event 1,83,32.86412002,640
Event 1,30,19.00026259,400
Event 1,30,19.08996192,400
Event 1,30,19.09779482,400
Event 1,30,19.12051799,400
Event 1,30,19.10491793,400
Event 1,15,23.39536139,400
Event 1,15,23.39815078,400
Event 1,15,23.39862529,400
Event 1,15,23.48954804,400
Event 1,15,23.54973665,400
Event 1,2,18.39748992,400
Event 1,2,18.28902006,400
Event 1,2,18.28602044,400
Event 1,2,18.15728067,400
Event 1,2,18.04828858,400
Event 1,156,13.57549955,400
Event 1,156,13.50787393,400
Event 1,156,13.50403645,400
Event 1,156,13.46649557,400
Event 1,156,13.56780565,400
Event 1,178,17.0178458,400
Event 1,178,17.09951436,400
Event 1,178,17.05089642,400
Event 1,178,16.94027877,400
Event 1,178,17.05240202,400
Event 1,28,12.33663575,400
Event 1,28,12.2388783,400
Event 1,28,12.25863506,400
Event 1,28,12.22567404,400
Event 1,28,12.25863036,400
Event 1,12,23.00280863,400
Event 1,12,22.95726824,400
Event 1,12,22.97364873,400
Event 1,12,22.9630227,400
Event 1,12,22.83741143,400
Event 1,41,1.747699419,400
Event 1,41,1.782798963,400
Event 1,41,2.16412599,400
Event 1,41,2.338671236,400
Event 1,41,1.761119123,400
Event 1,26,2.518785721,400
Event 1,26,2.703151591,400
Event 1,26,2.629725111,400
Event 1,26,2.609912037,400
Event 1,26,2.622528093,400
Event 1,163,10.66061506,400
Event 1,163,10.8355516,400
Event 1,163,10.90472758,400
Event 1,163,10.89493113,400
Event 1,163,10.84497014,400
Event 1,151,18.42006066,400
Event 1,151,18.52754984,400
Event 1,151,18.63063345,400
Event 1,151,18.67611449,400
Event 1,151,18.61742646,400
Event 1,13,15.16999874,400
Event 1,13,15.50391569,400
Event 1,13,15.36051254,400
Event 1,13,15.21115933,400
Event 1,13,15.11404347,400
Event 1,179,0.917085491,400
Event 1,179,0.814201458,400
Event 1,179,0.935167539,400
Event 1,179,0.975330614,400
Event 1,179,0.691824621,400
Event 1,154,5.912174597,400
Event 1,154,6.156476172,400
Event 1,154,6.15316159,400
Event 1,154,6.030931878,400
Event 1,154,6.071148535,400
Event 1,164,23.70456255,400
Event 1,164,23.59023277,400
Event 1,164,23.79082789,400
Event 1,164,23.92968213,400
Event 1,164,23.9248144,400
Event 1,189,15.66618981,400
Event 1,189,15.64188974,400
Event 1,189,15.69790649,400
Event 1,189,15.67559503,400
Event 1,189,15.6637695,400
Event 1,25,19.31833027,400
Event 1,25,19.50539755,400
Event 1,25,19.55027941,400
Event 1,25,19.48012095,400
Event 1,25,19.37517595,400
Event 1,183,3.364094212,400
Event 1,183,3.426106593,400
Event 1,183,3.535517194,400
Event 1,183,3.650955355,400
Event 1,183,3.751660253,400
Event 1,115,16.97479028,640
Event 1,115,16.97745896,640
Event 1,115,16.99624715,640
Event 1,115,17.02638774,640
Event 1,115,16.99854398,640
Event 1,89,25.99516676,640
Event 1,89,25.97568959,640
Event 1,89,26.1245555,640
Event 1,89,26.29607518,640
Event 1,89,26.41093274,640
Event 1,67,25.74716175,640
Event 1,67,25.74532875,640
Event 1,67,25.77711569,640
Event 1,67,25.61569807,640
Event 1,67,25.4594465,640
Event 1,71,26.56655678,640
Event 1,71,26.40186065,640
Event 1,71,26.31216949,640
Event 1,71,26.35955089,640
Event 1,71,26.45701028,640
Event 1,86,27.14495256,640
Event 1,86,26.94146625,640
Event 1,86,27.11782205,640
Event 1,86,26.89371636,640
Event 1,86,26.65136577,640
Event 1,86,26.70533716,640
Event 1,92,33.29033083,640
Event 1,92,33.38370434,640
Event 1,92,33.39201505,640
Event 1,92,33.38646884,640
Event 1,92,33.46165356,640
Event 1,84,6.811046744,640
Event 1,84,6.972687007,640
Event 1,84,7.232147853,640
Event 1,84,7.256416032,640
Event 1,84,6.961568252,640
Event 1,109,29.16565346,640
Event 1,109,29.37708442,640
Event 1,109,29.35322287,640
Event 1,109,29.2325462,640
Event 1,109,29.38503718,640
Event 1,111,24.10416004,640
Event 1,111,24.11945053,640
Event 1,111,24.10843211,640
Event 1,111,24.22146976,640
Event 1,111,24.14515058,640
Event 1,105,27.28379221,640
Event 1,105,27.27352397,640
Event 1,105,27.42313281,640
Event 1,105,27.45344275,640
Event 1,105,27.0670021,640
Event 1,103,2.538632627,640
Event 1,103,2.732800348,640
Event 1,103,2.744124933,640
Event 1,103,2.444440059,640
Event 1,103,2.546772185,640
Event 1,102,37.00823858,640
Event 1,102,36.98593705,640
Event 1,102,37.06943115,640
Event 1,102,37.14475147,640
Event 1,102,36.91967577,640
Event 1,131,3.1986791,640
Event 1,131,3.455905621,640
Event 1,131,3.548569134,640
Event 1,131,3.410478643,640
Event 1,131,3.577242463,640
Event 1,130,36.46204814,640
Event 1,130,36.32102974,640
Event 1,130,36.27615888,640
Event 1,130,36.15263689,640
Event 1,130,36.19385659,640
Event 2,38,24.31801718,400
Event 2,38,24.1846582,400
Event 2,38,24.24958417,400
Event 2,38,24.32992026,400
Event 2,38,24.34671791,400
Event 2,183,22.37116718,400
Event 2,183,22.47767243,400
Event 2,183,22.47635743,400
Event 2,183,22.38603771,400
Event 2,183,22.40490299,400
Event 2,30,18.43695941,400
Event 2,30,18.29327354,400
Event 2,30,18.31839984,400
Event 2,30,18.29744766,400
Event 2,30,18.49275372,400
Event 2,42,24.75765899,400
Event 2,42,24.48209661,400
Event 2,42,24.35035269,400
Event 2,42,24.30799231,400
Event 2,42,24.32828546,400
Event 2,13,18.20907428,400
Event 2,13,18.41027937,400
Event 2,13,18.82451742,400
Event 2,13,18.555486,400
Event 2,13,18.32379258,400
Event 2,163,25.58401899,400
Event 2,163,24.24185742,400
Event 2,163,25.21409733,400
Event 2,163,25.41069027,400
Event 2,163,25.62236873,400
Event 2,179,15.52479842,400
Event 2,179,15.53377888,400
Event 2,179,15.65548012,400
Event 2,179,15.99964309,400
Event 2,179,15.84032284,400
Event 2,154,14.39135457,400
Event 2,154,14.08988837,400
Event 2,154,14.77253866,400
Event 2,154,14.94022336,400
Event 2,154,15.2340728,400
Event 2,171,20.8743269,400
Event 2,171,20.0674388,400
Event 2,171,20.19189169,400
Event 2,171,20.26404941,400
Event 2,171,20.12541829,400
Event 2,156,32.59012075,400
Event 2,156,32.56136093,400
Event 2,156,32.53102156,400
Event 2,156,32.53938564,400
Event 2,156,32.70657986,400
Event 2,189,20.22367895,400
Event 2,189,20.40587395,400
Event 2,189,20.54207259,400
Event 2,189,20.40529964,400
Event 2,189,20.59148282,400
Event 2,34,16.98215067,400
Event 2,34,17.02331527,400
Event 2,34,17.17532685,400
Event 2,34,17.31495115,400
Event 2,34,17.28243641,400
Event 2,34,17.25933191,400
Event 2,41,28.17667712,400
Event 2,41,28.38263914,400
Event 2,41,28.26380145,400
Event 2,41,27.90289878,400
Event 2,46,10.07950479,400
Event 2,46,10.01098996,400
Event 2,46,10.78231399,400
Event 2,46,10.78030298,400
Event 2,46,10.80747446,400
Event 2,33,25.99695924,400
Event 2,33,25.07315719,400
Event 2,33,25.99625247,400
Event 2,33,25.9746725,400
Event 2,33,25.14144844,400
Event 2,25,17.27639042,400
Event 2,25,17.0717597,400
Event 2,25,17.99083009,400
Event 2,25,17.97690667,400
Event 2,25,17.97690667,400
Event 2,25,17.90358164,400
Event 2,26,6.07052093,400
Event 2,26,6.85828359,400
Event 2,26,6.15774016,400
Event 2,26,6.11754648,400
Event 2,26,6.05508119,400
Event 2,191,5.958988866,400
Event 2,191,5.943045202,400
Event 2,191,5.814682506,400
Event 2,191,5.982381388,400
Event 2,191,5.986694942,400
Event 2,1,25.5512387,400
Event 2,1,25.57674401,400
Event 2,1,25.6698339,400
Event 2,1,25.76817854,400
Event 2,1,25.93424681,400
Event 2,164,32.37118701,400
Event 2,164,32.30967306,400
Event 2,164,32.29932295,400
Event 2,164,32.43672957,400
Event 2,164,32.30231402,400
Event 2,17,28.27889568,400
Event 2,17,28.42501372,400
Event 2,17,28.31832644,400
Event 2,17,28.4382082,400
Event 2,17,28.70894247,400
Event 2,147,30.62540057,400
Event 2,147,30.02923837,400
Event 2,147,30.14479678,400
Event 2,147,30.86322251,400
Event 2,147,30.81708002,400
Event 2,12,28.45357721,400
Event 2,12,28.47460699,400
Event 2,12,28.37364043,400
Event 2,12,28.12784974,400
Event 2,12,28.13253631,400
Event 2,2,27.75193483,400
Event 2,2,27.57615093,400
Event 2,2,27.52571581,400
Event 2,2,27.78474132,400
Event 2,2,27.80702459,400
Event 2,15,31.25783917,400
Event 2,15,31.30037752,400
Event 2,15,31.36764489,400
Event 2,15,31.56448243,400
Event 2,15,31.59006438,400
Event 2,151,28.19588386,400
Event 2,151,28.13299349,400
Event 2,151,28.03421878,400
Event 2,151,28.14995537,400
Event 2,151,28.08311951,400
Event 2,18,27.89763443,400
Event 2,18,27.82959951,400
Event 2,18,27.71928872,400
Event 2,18,27.61581924,400
Event 2,18,27.68948831,400
Event 2,37,24.1415356,400
Event 2,37,24.25373253,400
Event 2,37,24.15541286,400
Event 2,37,24.09543354,400
Event 2,37,24.14703812,400
Event 2,37,24.26192838,400
Event 2,28,29.55444045,400
Event 2,28,29.46379177,400
Event 2,28,29.00395918,400
Event 2,28,29.26305324,400
Event 2,28,29.79200426,400
Event 2,178,21.73303965,400
Event 2,178,21.62811612,400
Event 2,178,21.61690745,400
Event 2,178,21.60141881,400
Event 2,178,21.76703358,400
Event 2,103,32.37227535,640
Event 2,103,32.58582652,640
Event 2,103,32.43684384,640
Event 2,103,32.30230924,640
Event 2,103,32.22782896,640
Event 2,83,20.09777776,640
Event 2,83,19.05369955,640
Event 2,83,19.07945557,640
Event 2,83,19.12453629,640
Event 2,83,19.20534669,640
Event 2,56,32.54195475,640
Event 2,56,32.33914767,640
Event 2,56,32.42954028,640
Event 2,56,32.38925648,640
Event 2,56,32.30096708,640
Event 2,77,14.27233164,640
Event 2,77,14.30577095,640
Event 2,77,14.21758655,640
Event 2,77,14.18207998,640
Event 2,77,14.32997927,640
Event 2,105,18.35295307,640
Event 2,105,18.32002736,640
Event 2,105,18.31683541,640
Event 2,105,18.15300637,640
Event 2,105,18.20675012,640
Event 2,94,27.83441334,640
Event 2,94,27.79450235,640
Event 2,94,27.69905632,640
Event 2,94,27.74894367,640
Event 2,94,27.94685674,640
Event 2,86,19.39876867,640
Event 2,86,19.33711828,640
Event 2,86,19.48850899,640
Event 2,86,19.67504276,640
Event 2,86,19.63034709,640
Event 2,92,26.0285591,640
Event 2,92,25.97974359,640
Event 2,92,25.94920835,640
Event 2,92,26.05115593,640
Event 2,92,26.08163073,640
Event 2,58,27.4250665,640
Event 2,58,27.4692529,640
Event 2,58,27.34335768,640
Event 2,58,27.31794028,640
Event 2,58,27.21574123,640
Event 2,71,21.62747444,640
Event 2,71,21.43697193,640
Event 2,71,21.63150732,640
Event 2,71,21.66566819,640
Event 2,71,21.65440108,640
Event 2,89,27.05190691,640
Event 2,89,27.23512439,640
Event 2,89,27.59135898,640
Event 2,89,27.75815178,640
Event 2,89,27.83982908,640
Event 2,130,32.52690377,640
Event 2,130,32.61388586,640
Event 2,130,32.91451906,640
Event 2,130,32.97290798,640
Event 2,130,32.67570426,640
Event 2,111,26.75874238,640
Event 2,111,26.71337912,640
Event 2,111,26.78119403,640
Event 2,111,26.80555708,640
Event 2,111,26.78485829,640
Event 2,67,25.63184587,640
Event 2,67,25.72637535,640
Event 2,67,25.59203216,640
Event 2,67,25.57349515,640
Event 2,67,25.67382914,640
Event 2,84,24.56999597,640
Event 2,84,24.67577814,640
Event 2,84,24.23292272,640
Event 2,84,23.98690243,640
Event 2,84,24.20952864,640
Event 2,93,29.43995868,640
Event 2,93,29.33671554,640
Event 2,93,29.15383202,640
Event 2,93,29.07426762,640
Event 2,93,29.2039153,640
Event 2,122,20.97600146,640
Event 2,122,20.48616852,640
Event 2,122,20.10339172,640
Event 2,122,20.29555087,640
Event 2,122,20.86593832,640
Event 2,131,26.37295453,640
Event 2,131,26.38723549,640
Event 2,131,26.67128901,640
Event 2,131,26.25131375,640
Event 2,131,26.1813102,640
Event 2,109,31.38441536,640
Event 2,109,31.29774274,640
Event 2,109,31.27258358,640
Event 2,109,31.58425968,640
Event 2,109,31.66934352,640
Event 2,102,31.51163649,640
Event 2,102,31.41837249,640
Event 2,102,31.38987751,640
Event 2,102,31.49131413,640
Event 2,102,31.58444224,640
Event 2,115,28.23157553,640
Event 2,115,28.31869642,640
Event 2,115,28.25374124,640
Event 2,115,28.12891083,640
Event 2,115,28.16123476,640
Event 2,73,38.46902057,640
Event 2,73,38.77053467,640
Event 2,73,39.16700975,640
Event 2,73,38.87621952,640
Event 2,73,38.44075367,640
Event 2,124,28.22429747,640
Event 2,124,28.25670763,640
Event 2,124,29.2693787,640
Event 2,124,29.19558922,640
Event 2,124,29.12432061,640
Event 2,55,28.27152402,640
Event 2,55,28.10266515,640
Event 2,55,28.91732808,640
Event 2,55,28.95034511,640
Event 2,55,28.99538906,640
Event 2,113,30.31243099,640
Event 2,113,30.35890856,640
Event 2,113,30.52096156,640
Event 2,113,30.61446608,640
Event 2,113,30.62473602,640
Event 2,51,34.4610086,640
Event 2,51,34.54741468,640
Event 2,51,34.58246428,640
Event 2,51,34.67472277,640
Event 2,51,34.66443558,640
Event 2,70,34.78520339,640
Event 2,70,34.56610015,640
Event 2,70,34.80090958,640
Event 2,70,34.85452283,640
Event 2,70,34.39070898,640
Event 2,91,23.76989053,640
Event 2,91,23.06029609,640
Event 2,91,23.80085743,640
Event 2,91,23.62033442,640
Event 2,91,23.44816862,640
Event 3,171,25.51811564,400
Event 3,171,24.49039062,400
Event 3,171,24.58504529,400
Event 3,171,24.64791198,400
Event 3,171,24.53651088,400
Event 3,30,25.4712008,400
Event 3,30,25.55556455,400
Event 3,30,25.57622091,400
Event 3,30,25.57436848,400
Event 3,30,25.59220857,400
Event 3,38,21.55775914,400
Event 3,38,18.69594616,400
Event 3,38,18.76742015,400
Event 3,38,18.95664381,400
Event 3,38,19.03518772,400
Event 3,38,19.01080755,400
Event 3,183,0.6280551,400
Event 3,183,0.474216253,400
Event 3,183,0.422156708,400
Event 3,183,0.645712892,400
Event 3,183,0.919832403,400
Event 3,42,28.10049524,400
Event 3,42,28.12307516,400
Event 3,42,28.09522335,400
Event 3,42,27.98803246,400
Event 3,42,27.97538051,400
Event 3,163,5.3134018,400
Event 3,163,5.522341308,400
Event 3,163,5.414707624,400
Event 3,163,5.238494726,400
Event 3,163,5.278829196,400
Event 3,154,5.529070552,400
Event 3,154,5.431012925,400
Event 3,154,5.436221045,400
Event 3,154,5.622230697,400
Event 3,154,5.621819504,400
Event 3,34,21.01572176,400
Event 3,34,21.02616185,400
Event 3,34,20.97634738,400
Event 3,34,21.08206316,400
Event 3,34,21.1091562,400
Event 3,156,23.88881522,400
Event 3,156,23.8268341,400
Event 3,156,23.78489072,400
Event 3,156,23.78229408,400
Event 3,156,23.71316439,400
Event 3,189,12.31987723,400
Event 3,189,12.30568063,400
Event 3,189,12.25054238,400
Event 3,189,12.29959987,400
Event 3,189,12.35025394,400
Event 3,46,10.65559079,400
Event 3,46,10.66277319,400
Event 3,46,10.73040591,400
Event 3,46,10.68720329,400
Event 3,46,10.70194524,400
Event 3,33,21.97326042,400
Event 3,33,22.04050109,400
Event 3,33,22.034936,400
Event 3,33,22.00642336,400
Event 3,33,22.02477233,400
Event 3,33,22.07810933,400
Event 3,178,22.04575069,400
Event 3,178,22.05456874,400
Event 3,178,21.97645803,400
Event 3,178,21.92388395,400
Event 3,178,21.98889558,400
Event 3,12,21.67858634,400
Event 3,12,21.6728432,400
Event 3,12,21.64474647,400
Event 3,12,21.63865493,400
Event 3,12,21.65132088,400
Event 3,147,25.8660481,400
Event 3,147,25.91912679,400
Event 3,147,25.9489439,400
Event 3,147,26.00537579,400
Event 3,147,25.98180326,400
Event 3,17,29.17336301,400
Event 3,17,29.11188973,400
Event 3,17,29.1089501,400
Event 3,17,29.09161872,400
Event 3,17,29.11969547,400
Event 3,164,26.7201295,400
Event 3,164,26.70403327,400
Event 3,164,26.63615475,400
Event 3,164,26.58765286,400
Event 3,164,26.55435501,400
Event 3,1,28.22431436,400
Event 3,1,28.29236805,400
Event 3,1,28.28850544,400
Event 3,1,28.27502977,400
Event 3,1,28.2200482,400
Event 3,191,10.68697413,400
Event 3,191,10.75769352,400
Event 3,191,10.8699522,400
Event 3,191,11.11614698,400
Event 3,191,11.11150219,400
Event 3,26,25.61593109,400
Event 3,26,25.80472231,400
Event 3,26,25.86930258,400
Event 3,26,25.72702332,400
Event 3,26,25.7501437,400
Event 3,25,24.51409884,400
Event 3,25,24.55612322,400
Event 3,25,24.59711479,400
Event 3,25,24.5985083,400
Event 3,25,24.65788003,400
Event 3,2,22.15079801,400
Event 3,2,22.1749369,400
Event 3,2,22.24579672,400
Event 3,2,22.26027689,400
Event 3,2,22.28241115,400
Event 3,15,17.53590051,400
Event 3,15,17.44573747,400
Event 3,15,17.26735566,400
Event 3,15,17.12493737,400
Event 3,15,16.93013018,400
Event 3,151,19.9351336,400
Event 3,151,19.79041439,400
Event 3,151,19.6592865,400
Event 3,151,19.65786328,400
Event 3,151,19.70988348,400
Event 3,18,24.41391552,400
Event 3,18,24.41356264,400
Event 3,18,24.39669995,400
Event 3,18,24.37442887,400
Event 3,18,24.41223114,400
Event 3,37,21.25400264,400
Event 3,37,21.2273622,400
Event 3,37,21.25636259,400
Event 3,37,21.34072237,400
Event 3,37,21.38356835,400
Event 3,28,27.04508922,400
Event 3,28,27.01636939,400
Event 3,28,27.16168059,400
Event 3,28,27.20342123,400
Event 3,28,27.24719088,400
Event 3,28,27.08346081,400
Event 3,103,21.40945131,640
Event 3,103,21.40968604,640
Event 3,103,21.26470028,640
Event 3,103,21.15068878,640
Event 3,103,21.05551561,640
Event 3,83,16.48846013,640
Event 3,83,16.42304111,640
Event 3,83,16.44968536,640
Event 3,83,16.37897825,640
Event 3,83,16.32604631,640
Event 3,56,29.89968324,640
Event 3,56,29.94245002,640
Event 3,56,29.06840573,640
Event 3,56,29.03668029,640
Event 3,56,29.94411898,640
Event 3,77,27.56432792,640
Event 3,77,27.42701011,640
Event 3,77,27.46485099,640
Event 3,77,27.5846788,640
Event 3,77,27.59257977,640
Event 3,105,25.61541756,640
Event 3,105,25.58646015,640
Event 3,105,25.65819561,640
Event 3,105,25.66142917,640
Event 3,105,25.63316237,640
Event 3,94,26.3377444,640
Event 3,94,26.0153609,640
Event 3,94,26.012384,640
Event 3,94,26.04784243,640
Event 3,94,26.07219692,640
Event 3,94,26.02510444,640
Event 3,86,20.59248636,640
Event 3,86,20.63917863,640
Event 3,86,20.69240866,640
Event 3,86,20.73569428,640
Event 3,86,20.67231669,640
Event 3,92,27.17519669,640
Event 3,92,27.19992156,640
Event 3,92,27.19115704,640
Event 3,92,27.19483578,640
Event 3,92,27.18493518,640
Event 3,58,24.45563099,640
Event 3,58,24.44864618,640
Event 3,58,24.44781883,640
Event 3,58,24.5424438,640
Event 3,58,24.52688742,640
Event 3,71,32.33459457,640
Event 3,71,32.37782881,640
Event 3,71,32.31834281,640
Event 3,71,32.17794048,640
Event 3,71,32.32624722,640
Event 3,89,27.26023259,640
Event 3,89,27.22053049,640
Event 3,89,27.22778005,640
Event 3,89,27.16656691,640
Event 3,89,27.23466181,640
Event 3,130,26.05843897,640
Event 3,130,26.09607631,640
Event 3,130,26.09521255,640
Event 3,130,26.0768094,640
Event 3,130,26.1041342,640
Event 3,122,31.08752049,640
Event 3,122,31.0553304,640
Event 3,122,31.04506456,640
Event 3,122,31.02241623,640
Event 3,122,31.1282575,640
Event 3,93,28.04987935,640
Event 3,93,27.99795291,640
Event 3,93,27.91680781,640
Event 3,93,27.87976276,640
Event 3,93,27.82796382,640
Event 3,67,28.90576089,640
Event 3,67,28.94732214,640
Event 3,67,28.97226302,640
Event 3,67,29.01180691,640
Event 3,67,29.04278653,640
Event 3,111,29.46623276,640
Event 3,111,29.4463955,640
Event 3,111,29.4601141,640
Event 3,111,29.49071271,640
Event 3,111,29.55996096,640
Event 3,73,33.45605899,640
Event 3,73,33.4196484,640
Event 3,73,33.40899262,640
Event 3,73,33.449491,640
Event 3,73,33.47019069,640
Event 3,115,32.94660942,640
Event 3,115,32.89861141,640
Event 3,115,32.90848383,640
Event 3,115,32.86487933,640
Event 3,115,32.81708564,640
Event 3,108,28.67785274,640
Event 3,108,28.67324023,640
Event 3,108,28.65100125,640
Event 3,108,28.67517016,640
Event 3,108,28.65979679,640
Event 3,102,27.49405471,640
Event 3,102,27.55894545,640
Event 3,102,27.61738416,640
Event 3,102,27.72949397,640
Event 3,102,27.72587816,640
Event 3,131,29.53808257,640
Event 3,131,29.49704163,640
Event 3,131,29.5652892,640
Event 3,131,29.45927331,640
Event 3,131,29.4951334,640
Event 3,91,29.19625248,640
Event 3,91,29.21132762,640
Event 3,91,29.09699504,640
Event 3,91,29.1133062,640
Event 3,91,29.04653825,640
Event 3,70,30.35857301,640
Event 3,70,30.24608617,640
Event 3,70,30.14726618,640
Event 3,70,30.9160127,640
Event 3,70,30.8855909,640
Event 3,51,29.04197053,640
Event 3,51,28.91350076,640
Event 3,51,28.90793658,640
Event 3,51,28.95690031,640
Event 3,51,29.0099767,640
Event 3,113,25.99282801,640
Event 3,113,26.01289713,640
Event 3,113,25.93761451,640
Event 3,113,25.98580136,640
Event 3,113,25.96991802,640
Event 3,55,26.494401,640
Event 3,55,26.44561822,640
Event 3,55,26.37076073,640
Event 3,55,26.32960712,640
Event 3,55,26.37169041,640
Event 3,124,29.26103644,640
Event 3,124,29.25219721,640
Event 3,124,29.2409219,640
Event 3,124,29.1789407,640
Event 3,124,29.16036061,640
Event 4,86,20.74449621,640
Event 4,86,20.79213844,640
Event 4,86,20.858914,640
Event 4,86,20.82529159,640
Event 4,86,20.87628863,640
Event 4,94,34.55822642,640
Event 4,94,34.4925139,640
Event 4,94,34.42249199,640
Event 4,94,34.4942596,640
Event 4,94,34.66166929,640
Event 4,113,30.2693738,640
Event 4,113,30.33470502,640
Event 4,113,30.32783623,640
Event 4,113,30.1941726,640
Event 4,113,30.17766151,640
Event 4,130,33.46026466,640
Event 4,130,33.37585182,640
Event 4,130,33.42877356,640
Event 4,130,33.44336589,640
Event 4,130,33.41824074,640
Event 4,70,24.46275806,640
Event 4,70,24.42128067,640
Event 4,70,24.28564587,640
Event 4,70,24.33656705,640
Event 4,70,24.57279407,640
Event 4,92,21.05987771,640
Event 4,92,21.13817238,640
Event 4,92,21.18428707,640
Event 4,92,21.12480653,640
Event 4,92,21.13962708,640
Event 4,109,26.03997884,640
Event 4,109,26.07230263,640
Event 4,109,25.95975318,640
Event 4,109,25.78905585,640
Event 4,109,25.73781364,640
Event 4,71,26.33417661,640
Event 4,71,26.41924889,640
Event 4,71,26.64979361,640
Event 4,71,26.58517946,640
Event 4,71,26.4423375,640
Event 4,122,29.51741132,640
Event 4,122,29.50117131,640
Event 4,122,29.46358871,640
Event 4,122,29.54122095,640
Event 4,122,29.49129374,640
Event 4,131,29.6328489,640
Event 4,131,29.79385173,640
Event 4,131,29.77826523,640
Event 4,131,29.46177845,640
Event 4,131,29.3807405,640
Event 4,77,25.36317832,640
Event 4,77,25.38506478,640
Event 4,77,25.35204938,640
Event 4,77,25.33382717,640
Event 4,77,25.40831734,640
Event 4,83,31.54392363,640
Event 4,83,31.58093715,640
Event 4,83,31.54947494,640
Event 4,83,31.58711763,640
Event 4,83,31.63183073,640
Event 4,73,29.22390076,640
Event 4,73,29.21999098,640
Event 4,73,29.33021206,640
Event 4,73,29.24820944,640
Event 4,73,29.20739865,640
Event 4,111,26.17287769,640
Event 4,111,26.22099732,640
Event 4,111,26.23407779,640
Event 4,111,26.30617753,640
Event 4,111,26.29499942,640
Event 4,151,19.95360441,400
Event 4,151,19.95951641,400
Event 4,151,20.02320507,400
Event 4,151,20.10634896,400
Event 4,151,20.0826219,400
Event 4,171,23.95194284,400
Event 4,171,23.95854776,400
Event 4,171,23.88124408,400
Event 4,171,23.95753891,400
Event 4,171,24.09166798,400
Event 4,163,22.53244997,400
Event 4,163,22.60527258,400
Event 4,163,22.67397512,400
Event 4,163,22.64386813,400
Event 4,163,22.67493781,400
Event 4,37,21.91267634,400
Event 4,37,21.86550416,400
Event 4,37,21.9210489,400
Event 4,37,21.98176337,400
Event 4,37,21.9068288,400
Event 4,17,18.77010806,400
Event 4,17,18.79685392,400
Event 4,17,18.79199026,400
Event 4,17,18.75258648,400
Event 4,17,18.79113067,400
Event 4,17,25.41341338,400
Event 4,17,25.34205091,400
Event 4,17,25.36953459,400
Event 4,17,25.4828509,400
Event 4,17,25.47791751,400
Event 4,154,30.62821074,400
Event 4,154,30.73453396,400
Event 4,154,30.72208447,400
Event 4,154,30.75146476,400
Event 4,154,30.75257162,400
Event 4,189,20.65118543,400
Event 4,189,20.65252067,400
Event 4,189,20.66626108,400
Event 4,189,20.77835072,400
Event 4,189,20.72382206,400
Event 4,191,26.07955933,400
Event 4,191,26.19658084,400
Event 4,191,26.22410194,400
Event 4,191,26.27985675,400
Event 4,191,26.15063773,400
Event 4,26,16.42098321,400
Event 4,26,16.58418535,400
Event 4,26,16.50937917,400
Event 4,26,16.48755619,400
Event 4,26,16.39696534,400
Event 4,25,12.2192113,400
Event 4,25,12.21875849,400
Event 4,25,12.16851649,400
Event 4,25,12.15314916,400
Event 4,25,12.19830829,400
Event 4,25,24.6354459,400
Event 4,25,24.49719179,400
Event 4,25,24.5601269,400
Event 4,25,24.69629147,400
Event 4,25,24.66066167,400
Event 4,12,7.60822625,400
Event 4,12,7.6944121,400
Event 4,12,7.76051678,400
Event 4,12,7.75466059,400
Event 4,12,7.68836268,400
Event 4,15,21.72391455,400
Event 4,15,21.73124256,400
Event 4,15,21.80994218,400
Event 4,15,21.88267175,400
Event 4,15,21.91904452,400
Event 4,33,14.35697441,400
Event 4,33,14.4086516,400
Event 4,33,14.42485415,400
Event 4,33,14.43313398,400
Event 4,33,14.40110931,400
Event 4,34,14.70976955,400
Event 4,34,14.75386706,400
Event 4,34,14.69211638,400
Event 4,34,14.65922329,400
Event 4,34,14.69151193,400
Event 4,103,5.916752902,640
Event 4,103,5.643635739,640
Event 4,103,5.486704099,640
Event 4,103,5.698366841,640
Event 4,103,6.42921914,640
Event 5,113,22.98453582,640
Event 5,113,23.00439963,640
Event 5,113,23.19593621,640
Event 5,113,23.32357502,640
Event 5,113,23.36081535,640
Event 5,130,33.34093058,640
Event 5,130,33.38293629,640
Event 5,130,33.36489662,640
Event 5,130,33.34484724,640
Event 5,130,33.30387253,640
Event 5,122,25.94662494,640
Event 5,122,25.97068038,640
Event 5,122,25.99674601,640
Event 5,122,25.00893305,640
Event 5,122,25.02271942,640
Event 5,111,29.62038898,640
Event 5,111,29.69530122,640
Event 5,111,29.63705708,640
Event 5,111,29.695629,640
Event 5,111,29.73977813,640
Event 5,115,26.63554297,640
Event 5,115,26.59161922,640
Event 5,115,26.61843296,640
Event 5,115,26.70726978,640
Event 5,115,26.69659239,640
Event 5,56,33.00191844,640
Event 5,56,32.93966095,640
Event 5,56,33.06329234,640
Event 5,56,33.13356281,640
Event 5,56,33.00658439,640
Event 5,67,33.33040147,640
Event 5,67,33.52054015,640
Event 5,67,33.70983415,640
Event 5,67,33.5085036,640
Event 5,67,33.55183776,640
Event 5,124,35.39419861,640
Event 5,124,35.70902712,640
Event 5,124,35.65410859,640
Event 5,124,35.32335136,640
Event 5,124,36.02201703,640
Event 5,55,29.07578898,640
Event 5,55,29.11852946,640
Event 5,55,29.21060024,640
Event 5,55,29.2341369,640
Event 5,55,29.18026409,640
Event 5,58,24.80505263,640
Event 5,58,24.88076476,640
Event 5,58,24.96306859,640
Event 5,58,25.01280048,640
Event 5,58,24.98504306,640
Event 5,83,13.68395729,640
Event 5,83,13.55550114,640
Event 5,83,13.61853777,640
Event 5,83,13.844073,640
Event 5,83,13.88356062,640
Event 5,51,23.70516797,640
Event 5,51,23.58865451,640
Event 5,51,23.34214917,640
Event 5,51,23.23264163,640
Event 5,51,23.08581907,640
Event 5,33,21.75948558,400
Event 5,33,21.69818543,400
Event 5,33,21.45864579,400
Event 5,33,21.48922445,400
Event 5,33,21.62824855,400
Event 5,1,22.70061591,400
Event 5,1,22.65554552,400
Event 5,1,22.72156669,400
Event 5,1,22.70544922,400
Event 5,1,22.79095537,400
Event 5,151,22.26695231,400
Event 5,151,22.18497042,400
Event 5,151,22.24210215,400
Event 5,151,22.20692759,400
Event 5,151,22.2353116,400
Event 5,189,20.10672937,400
Event 5,189,20.11815058,400
Event 5,189,20.1006471,400
Event 5,189,20.22908511,400
Event 5,189,20.25359208,400
Event 5,30,30.60190266,400
Event 5,30,30.55025788,400
Event 5,30,30.55635537,400
Event 5,30,30.56095891,400
Event 5,30,30.50016308,400
Event 5,164,26.69001086,400
Event 5,164,26.85314536,400
Event 5,164,26.78493958,400
Event 5,164,26.71445078,400
Event 5,164,26.81297334,400
Event 5,37,21.57563166,400
Event 5,37,21.53429464,400
Event 5,37,21.5160046,400
Event 5,37,21.54911777,400
Event 5,37,21.48255065,400
Event 5,15,19.22457127,400
Event 5,15,19.28020494,400
Event 5,15,19.30285126,400
Event 5,15,19.29208494,400
Event 5,15,19.23363614,400
Event 5,42,12.96115244,400
Event 5,42,13.1360806,400
Event 5,42,13.13230352,400
Event 5,42,13.05765505,400
Event 5,42,13.10373227,400
Event 5,26,31.238272,400
Event 5,26,31.28556845,400
Event 5,26,31.32946297,400
Event 5,26,31.20292551,400
Event 5,26,31.42730576,400
Event 5,147,27.5389117,400
Event 5,147,27.52675395,400
Event 5,147,27.65051541,400
Event 5,147,27.72247138,400
Event 5,147,27.68731215,400
Event 5,34,19.78282877,400
Event 5,34,19.79970671,400
Event 5,34,19.92280466,400
Event 5,34,19.95707526,400
Event 5,34,19.97518699,400
Event 5,2,31.63280208,400
Event 5,2,31.68848678,400
Event 5,2,31.85942432,400
Event 5,2,31.73734925,400
Event 5,2,31.81157199,400
Event 5,38,17.0938183,400
Event 5,38,17.11106011,400
Event 5,38,17.22409711,400
Event 5,38,17.24877764,400
Event 5,38,17.2596904,400
Event 6,154,13.26844501,400
Event 6,154,13.27332012,400
Event 6,154,13.32718774,400
Event 6,154,13.34957181,400
Event 6,154,13.37999242,400
Event 6,38,15.90400336,400
Event 6,38,15.85667323,400
Event 6,38,15.84847341,400
Event 6,38,15.83357066,400
Event 6,38,15.84223619,400
Event 6,12,17.25485118,400
Event 6,12,17.25663783,400
Event 6,12,17.23483106,400
Event 6,12,17.24693442,400
Event 6,12,17.29786926,400
Event 6,15,15.11528292,400
Event 6,15,15.11457553,400
Event 6,15,15.12823801,400
Event 6,15,15.09853339,400
Event 6,15,15.11406727,400
Event 6,2,10.07478065,400
Event 6,2,10.03937374,400
Event 6,2,10.09866841,400
Event 6,2,10.09002103,400
Event 6,2,10.14292941,400
Event 6,33,12.55653165,400
Event 6,33,12.56419302,400
Event 6,33,12.58959976,400
Event 6,33,12.67312443,400
Event 6,33,12.71188832,400
Event 6,46,9.900976867,400
Event 6,46,9.890741937,400
Event 6,46,9.914451781,400
Event 6,46,9.924544299,400
Event 6,46,9.906829991,400
Event 6,37,16.0370285,400
Event 6,37,16.04898993,400
Event 6,37,16.11941862,400
Event 6,37,16.11240571,400
Event 6,37,16.1322573,400
Event 6,28,16.363123,400
Event 6,28,16.38009606,400
Event 6,28,16.39404822,400
Event 6,28,16.36217789,400
Event 6,28,16.28306018,400
Event 6,42,15.71265383,400
Event 6,42,15.70453438,400
Event 6,42,15.70367887,400
Event 6,42,15.6958822,400
Event 6,42,15.73107179,400
Event 6,163,6.151572093,400
Event 6,163,6.137646486,400
Event 6,163,6.07902362,400
Event 6,163,6.036955653,400
Event 6,163,6.12682578,400
Event 6,171,7.468417783,400
Event 6,171,7.530361191,400
Event 6,171,7.528082577,400
Event 6,171,7.542760284,400
Event 6,171,7.533209736,400
Event 6,1,15.38718888,400
Event 6,1,15.39077523,400
Event 6,1,15.36718779,400
Event 6,1,15.32414661,400
Event 6,1,15.29475646,400
Event 6,17,16.36224274,400
Event 6,17,16.38642671,400
Event 6,17,16.36833725,400
Event 6,17,16.45730894,400
Event 6,17,16.46555697,400
Event 6,25,12.99592629,400
Event 6,25,12.91000009,400
Event 6,25,12.89550254,400
Event 6,25,12.8844003,400
Event 6,25,12.91086796,400
Event 6,18,14.71058493,400
Event 6,18,14.68802619,400
Event 6,18,14.65307257,400
Event 6,18,14.70221721,400
Event 6,18,14.74158256,400
Event 6,164,14.28838315,400
Event 6,164,14.2994772,400
Event 6,164,14.30058392,400
Event 6,164,14.27594359,400
Event 6,164,14.26644335,400
Event 6,183,19.66847369,400
Event 6,183,19.59690339,400
Event 6,183,19.6186945,400
Event 6,183,19.6192831,400
Event 6,183,19.66953142,400
Event 6,151,7.34158649,400
Event 6,151,7.36246232,400
Event 6,151,7.40393049,400
Event 6,151,7.41629028,400
Event 6,151,7.48402459,400
Event 6,26,11.19836627,400
Event 6,26,11.19973501,400
Event 6,26,11.19901582,400
Event 6,26,11.2362728,400
Event 6,26,11.2453202,400
Event 6,30,34.36492988,400
Event 6,30,34.36818814,400
Event 6,30,34.38683457,400
Event 6,30,34.37857451,400
Event 6,30,34.38075903,400
Event 6,147,16.21619255,400
Event 6,147,16.19312544,400
Event 6,147,16.19222522,400
Event 6,147,16.15619075,400
Event 6,147,16.14355946,400
Event 6,178,18.76807682,400
Event 6,178,18.8315469,400
Event 6,178,18.83048822,400
Event 6,178,18.88622432,400
Event 6,178,18.90520177,400
Event 6,189,14.15241792,400
Event 6,189,14.13387607,400
Event 6,189,14.12425013,400
Event 6,189,14.17782116,400
Event 6,189,14.22446665,400
Event 6,156,24.72484516,400
Event 6,156,24.7548176,400
Event 6,156,24.78774191,400
Event 6,156,24.82105036,400
Event 6,156,24.88189043,400
Event 6,191,29.3387052,400
Event 6,191,29.3977105,400
Event 6,191,29.50632368,400
Event 6,191,29.49565664,400
Event 6,191,29.58924452,400
Event 6,34,10.66962433,400
Event 6,34,10.68863261,400
Event 6,34,10.67772496,400
Event 6,34,10.65477579,400
Event 6,34,10.63234906,400
Event 6,115,28.2499174,640
Event 6,115,28.28646518,640
Event 6,115,28.26616976,640
Event 6,115,28.32311432,640
Event 6,115,28.3733153,640
Event 6,94,26.97021008,640
Event 6,94,27.97951363,640
Event 6,94,27.03646788,640
Event 6,94,27.04793584,640
Event 6,94,27.02856887,640
Event 6,73,26.01858734,640
Event 6,73,26.04435987,640
Event 6,73,26.00734981,640
Event 6,73,26.08408614,640
Event 6,73,26.05203954,640
Event 6,86,24.20890437,640
Event 6,86,24.16779191,640
Event 6,86,24.14849256,640
Event 6,86,24.15012261,640
Event 6,86,24.12452551,640
Event 6,70,25.24620989,640
Event 6,70,25.21681568,640
Event 6,70,25.16784496,640
Event 6,70,25.01472227,640
Event 6,70,24.78480463,640
Event 6,92,22.73258592,640
Event 6,92,22.71386026,640
Event 6,92,22.76163101,640
Event 6,92,22.74721998,640
Event 6,92,22.65289626,640
Event 6,55,21.22758011,640
Event 6,55,21.20101759,640
Event 6,55,21.08414587,640
Event 6,55,21.04276183,640
Event 6,55,21.0328924,640
Event 6,71,29.44247373,640
Event 6,71,29.51233639,640
Event 6,71,29.49303273,640
Event 6,71,29.5023874,640
Event 6,71,29.47447474,640
Event 6,130,24.35742994,640
Event 6,130,25.37681031,640
Event 6,130,25.3840867,640
Event 6,130,25.36658807,640
Event 6,130,25.38722804,640
Event 6,93,22.77683831,640
Event 6,93,22.69410153,640
Event 6,93,22.69267356,640
Event 6,93,22.6803759,640
Event 6,93,22.72111723,640
Event 6,56,20.10167833,640
Event 6,56,20.0490372,640
Event 6,56,20.05520706,640
Event 6,56,20.06555696,640
Event 6,56,20.06555696,640
Event 6,109,19.03063201,640
Event 6,109,19.03779523,640
Event 6,109,19.00963108,640
Event 6,109,19.04444076,640
Event 6,109,19.09785699,640
Event 6,58,19.9147374,640
Event 6,58,19.91644116,640
Event 6,58,19.89696222,640
Event 6,58,19.92383312,640
Event 6,58,19.98031447,640
Event 6,67,17.94449917,640
Event 6,67,17.96017287,640
Event 6,67,17.95881801,640
Event 6,67,17.90109835,640
Event 6,67,17.83991453,640
Event 6,131,14.84112496,640
Event 6,131,14.71874145,640
Event 6,131,14.7880949,640
Event 6,131,14.85499264,640
Event 6,131,14.88818097,640
Event 6,122,20.88153059,640
Event 6,122,20.78899504,640
Event 6,122,20.70670963,640
Event 6,122,20.70506661,640
Event 6,122,20.69996219,640
Event 6,77,18.75919835,640
Event 6,77,18.79725748,640
Event 6,77,18.75229263,640
Event 6,77,18.74906389,640
Event 6,77,18.74680771,640
Event 6,83,21.90221434,640
Event 6,83,21.87759186,640
Event 6,83,21.87950973,640
Event 6,83,21.8568626,640
Event 6,83,21.82710681,640
Event 6,105,19.02437936,640
Event 6,105,19.03997613,640
Event 6,105,19.09314767,640
Event 6,105,19.11938187,640
Event 6,105,19.15094065,640
Event 6,111,30.69208144,640
Event 6,111,30.56847434,640
Event 6,111,30.59414322,640
Event 6,111,30.6182866,640
Event 6,111,30.59968877,640
Event 6,124,27.1716176,640
Event 6,124,27.19001764,640
Event 6,124,27.14195127,640
Event 6,124,27.11461557,640
Event 6,124,27.07253999,640
Event 6,102,20.92272192,640
Event 6,102,20.91779871,640
Event 6,102,20.96546159,640
Event 6,102,20.0477938,640
Event 6,102,20.08231688,640
Event 6,51,17.53376195,640
Event 6,51,17.51387182,640
Event 6,51,17.49182791,640
Event 6,51,17.44458047,640
Event 6,51,17.4566415,640
Event 6,89,9.908949624,640
Event 6,89,9.94156539,640
Event 6,89,9.957572316,640
Event 6,89,9.941040985,640
Event 6,89,9.9636007,640
Event 6,113,18.03646128,640
Event 6,113,18.02940013,640
Event 6,113,18.0067055,640
Event 6,113,18.00619119,640
Event 6,113,18.02580373,640
Event 7,1,16.41221465,400
Event 7,1,16.39991545,400
Event 7,1,16.44544554,400
Event 7,1,16.45931812,400
Event 7,1,16.46257927,400
Event 7,189,25.38755374,400
Event 7,189,25.37682491,400
Event 7,189,25.46434713,400
Event 7,189,25.93648592,400
Event 7,189,27.64698072,400
Event 7,15,15.77680725,400
Event 7,15,15.78373077,400
Event 7,15,15.80864441,400
Event 7,15,15.83676503,400
Event 7,15,15.86350511,400
Event 7,2,22.22836239,400
Event 7,2,22.30272599,400
Event 7,2,22.37719848,400
Event 7,2,22.27780216,400
Event 7,2,22.30087732,400
Event 7,178,31.10611717,400
Event 7,178,31.05824044,400
Event 7,178,31.08285838,400
Event 7,178,31.23781101,400
Event 7,178,31.30915882,400
Event 7,147,29.66241202,400
Event 7,147,29.7699452,400
Event 7,147,29.90618368,400
Event 7,147,29.91212528,400
Event 7,147,29.87839332,400
Event 7,25,16.99855915,400
Event 7,25,17.03029065,400
Event 7,25,17.09868568,400
Event 7,25,17.13985703,400
Event 7,25,17.15720771,400
Event 7,151,26.08321668,400
Event 7,151,26.17295627,400
Event 7,151,26.16666385,400
Event 7,151,26.09536559,400
Event 7,151,26.10748249,400
Event 7,17,11.55128955,400
Event 7,17,11.58021363,400
Event 7,17,11.57936973,400
Event 7,17,11.64292664,400
Event 7,17,11.64729434,400
Event 7,42,11.19637986,400
Event 7,42,11.21601453,400
Event 7,42,11.18068327,400
Event 7,42,11.36486749,400
Event 7,42,11.54826676,400
Event 7,38,6.204472733,400
Event 7,38,6.166368555,400
Event 7,38,6.130586223,400
Event 7,38,6.175363533,400
Event 7,38,6.243653815,400
Event 7,191,30.42701991,400
Event 7,191,30.4466687,400
Event 7,191,30.51173858,400
Event 7,191,30.52628621,400
Event 7,191,30.52307354,400
Event 7,33,10.58283734,400
Event 7,33,10.6937731,400
Event 7,33,10.80212884,400
Event 7,33,10.7187176,400
Event 7,33,10.79436728,400
Event 7,156,27.69286548,400
Event 7,156,27.64070769,400
Event 7,156,27.59961299,400
Event 7,156,27.65458191,400
Event 7,156,27.72930976,400
Event 7,12,16.14019018,400
Event 7,12,16.16506838,400
Event 7,12,16.16906136,400
Event 7,12,16.19070894,400
Event 7,12,16.22143244,400
Event 7,34,5.833570122,400
Event 7,34,5.756989927,400
Event 7,34,5.769542475,400
Event 7,34,5.877817027,400
Event 7,34,5.794778878,400
Event 7,46,14.08859125,400
Event 7,46,14.117267,400
Event 7,46,14.08426842,400
Event 7,46,14.09036462,400
Event 7,46,14.07156223,400
Event 7,30,24.70088846,400
Event 7,30,24.7054971,400
Event 7,30,24.65933572,400
Event 7,30,24.67298281,400
Event 7,30,24.84336803,400
Event 7,26,14.56480731,400
Event 7,26,14.61400443,400
Event 7,26,14.60591891,400
Event 7,26,14.6577063,400
Event 7,26,14.62067451,400
Event 7,13,15.20191386,400
Event 7,13,15.17602147,400
Event 7,13,15.19655574,400
Event 7,13,15.19097323,400
Event 7,13,15.13689784,400
Event 7,28,19.40967273,400
Event 7,28,19.53364772,400
Event 7,28,19.5788761,400
Event 7,28,19.52259525,400
Event 7,28,19.46070384,400
Event 7,164,27.18058327,400
Event 7,164,27.18832361,400
Event 7,164,27.32112349,400
Event 7,164,27.2382001,400
Event 7,164,27.23820475,400
Event 7,18,14.6905721,400
Event 7,18,14.74989156,400
Event 7,18,14.71660152,400
Event 7,18,14.71381917,400
Event 7,18,14.7219336,400
Event 7,183,23.62704029,400
Event 7,183,23.66233852,400
Event 7,183,23.6533399,400
Event 7,183,23.57317228,400
Event 7,183,23.48021606,400
Event 7,37,10.67956701,400
Event 7,37,10.71820715,400
Event 7,37,10.75705355,400
Event 7,37,10.7409373,400
Event 7,37,10.72584084,400
Event 7,171,24.23787393,400
Event 7,171,24.21738424,400
Event 7,171,24.29831444,400
Event 7,171,24.39176393,400
Event 7,171,24.34022324,400
Event 7,154,26.06539533,400
Event 7,154,26.06962649,400
Event 7,154,26.06119146,400
Event 7,154,26.02642033,400
Event 7,154,26.03790736,400
Event 7,93,24.13691613,400
Event 7,93,24.20810388,640
Event 7,93,24.1721644,640
Event 7,93,24.16469658,640
Event 7,93,24.35500282,640
Event 7,92,20.55013899,640
Event 7,92,20.63691996,640
Event 7,92,20.83111329,640
Event 7,92,20.8888602,640
Event 7,92,20.9198505,640
Event 7,109,27.38601467,640
Event 7,109,27.45328111,640
Event 7,109,27.47992156,640
Event 7,109,27.59313232,640
Event 7,109,27.588939,640
Event 7,73,12.6891669,640
Event 7,73,12.54988161,640
Event 7,73,12.29326361,640
Event 7,73,12.21570814,640
Event 7,73,12.19235148,640
Event 7,83,10.82263779,640
Event 7,83,10.85772796,640
Event 7,83,11.00685543,640
Event 7,83,11.07338951,640
Event 7,83,10.85481696,640
Event 7,58,13.89139364,640
Event 7,58,13.83418228,640
Event 7,58,13.88770385,640
Event 7,58,13.92808963,640
Event 7,58,13.98456509,640
Event 7,55,8.89672686,640
Event 7,55,8.937273394,640
Event 7,55,8.915345274,640
Event 7,55,8.963730065,640
Event 7,55,9.053710715,640
Event 7,91,7.967830354,640
Event 7,91,8.008121994,640
Event 7,91,8.128249005,640
Event 7,91,8.092864205,640
Event 7,91,8.056088085,640
Event 7,111,27.72297029,640
Event 7,111,27.72784184,640
Event 7,111,27.81226209,640
Event 7,111,27.75194985,640
Event 7,111,27.81893085,640
Event 7,71,11.35248167,640
Event 7,71,11.45324127,640
Event 7,71,11.46034295,640
Event 7,71,11.44495523,640
Event 7,71,11.55240658,640
Event 7,77,11.06153924,640
Event 7,77,11.04839856,640
Event 7,77,11.03470391,640
Event 7,77,11.03155524,640
Event 7,77,10.98494678,640
Event 7,77,10.94984481,640
Event 7,130,36.26625277,640
Event 7,130,36.05550261,640
Event 7,130,35.77506298,640
Event 7,130,35.70414188,640
Event 7,130,35.64517985,640
Event 7,77,10.82895172,640
Event 7,77,10.76763896,640
Event 7,77,10.78671111,640
Event 7,77,10.86935653,640
Event 7,77,10.91030748,640
Event 7,94,8.346163851,640
Event 7,94,8.420001147,640
Event 7,94,8.620835339,640
Event 7,94,8.511495938,640
Event 7,94,8.500011048,640
Event 7,115,31.12516292,640
Event 7,115,31.21756629,640
Event 7,115,31.34118437,640
Event 7,115,31.24723602,640
Event 7,115,31.19074875,640
Event 7,89,7.757516382,640
Event 7,89,7.727347884,640
Event 7,89,7.709160129,640
Event 7,89,7.746860291,640
Event 7,89,7.781223239,640
Event 7,113,26.66286815,640
Event 7,113,24.68604793,640
Event 7,113,21.97926491,640
Event 7,113,20.65566432,640
Event 7,113,20.22447305,640
Event 7,102,29.71357575,640
Event 7,102,29.69541448,640
Event 7,102,29.71280593,640
Event 7,102,29.71804013,640
Event 7,102,29.6978767,640
Event 7,122,23.92494236,640
Event 7,122,24.17720403,640
Event 7,122,24.06659442,640
Event 7,122,23.56043955,640
Event 7,122,22.94186246,640
Event 7,124,28.29129052,640
Event 7,124,28.32667736,640
Event 7,124,28.22966054,640
Event 7,124,28.36207911,640
Event 7,124,28.53508298,640
Event 7,56,11.85173045,640
Event 7,56,11.8284267,640
Event 7,56,11.84281405,640
Event 7,56,11.84014956,640
Event 7,56,11.8443982,640
Event 7,86,12.92648939,640
Event 7,86,15.46631887,640
Event 7,86,17.50825818,640
Event 7,86,17.33989928,640
Event 7,86,11.92508259,640
Event 7,51,12.78634176,640
Event 7,51,12.86292522,640
Event 7,51,12.87078678,640
Event 7,51,12.8636699,640
Event 7,51,12.88350366,640
Event 7,105,23.98890359,640
Event 7,105,24.19669865,640
Event 7,105,23.87790942,640
Event 7,105,23.30312761,640
Event 7,105,22.56856635,640
Event 7,131,22.36328752,640
Event 7,131,22.34103337,640
Event 7,131,22.33987404,640
Event 7,131,22.17722947,640
Event 7,131,22.11163056,640
Event 7,67,9.385157047,640
Event 7,67,9.655152585,640
Event 7,67,10.00531685,640
Event 7,67,10.50773335,640
Event 7,67,10.56997543,640
Event 7,70,15.2240206,640
Event 7,70,15.23669728,640
Event 7,70,15.26342495,640
Event 7,70,15.31445212,640
Event 7,70,15.29299417,640
